target,period,new,old,delta_brier,lo,hi,n_bootstrap
12m_20pct,all,landscape,raw_tda,-0.001619517902778855,-0.015288218216186599,0.005878736130263179,500
12m_20pct,all,market_landscape,raw_tda,0.004864223241284293,-0.0224712648844941,0.01762551935104718,500
12m_20pct,all,delay,raw_tda,0.006126397766177146,-0.032828728572898015,0.023793969377544653,500
12m_20pct,all,market_delay,raw_tda,0.017223905606717604,-0.01992579653908471,0.03454834946905096,500
12m_20pct,all,diagram_kernel,raw_tda,-0.0027555320094669895,-0.03074066542953114,0.015409202892466665,500
12m_20pct,all,market_landscape,market,-0.004443659341524499,-0.009695611044909049,0.002648040140856057,500
12m_20pct,all,market_delay,market,0.00791602302390881,-0.0001371109516438995,0.012722297720562473,500
12m_20pct,all,diagram_kernel,market_kernel,-0.008101580268746068,-0.037242416152945795,0.04185729937831587,500
12m_20pct,all,inner_selector,base_rate,0.008881255791534814,-0.03626099482204624,0.05781335587674351,500
12m_20pct,post2017,landscape,raw_tda,-0.012601494627801088,-0.04654506130703732,0.004942515666408749,500
12m_20pct,post2017,market_landscape,raw_tda,-0.009065131774722578,-0.05367876622212896,0.024858496039439043,500
12m_20pct,post2017,delay,raw_tda,-0.02482876138279732,-0.09035262871445619,0.009477845424184539,500
12m_20pct,post2017,market_delay,raw_tda,-8.071054347793185e-05,-0.046193647376439814,0.041749369787046874,500
12m_20pct,post2017,diagram_kernel,raw_tda,-0.021325005910551927,-0.08226153488865574,0.011230643777400797,500
12m_20pct,post2017,market_landscape,market,-0.002986676533822479,-0.015172509040680987,0.005245417544907065,500
12m_20pct,post2017,market_delay,market,0.005997744697422166,2.9858310190563784e-05,0.01880088451274858,500
12m_20pct,post2017,diagram_kernel,market_kernel,-0.015323233424537754,-0.05608278373382719,0.007335165163856359,500
12m_20pct,post2017,inner_selector,base_rate,0.046371688413558716,0.0003038875352616555,0.14176304559652525,500
6m_15pct,all,landscape,raw_tda,0.007194889766480658,-0.0052576552562008634,0.015090581398191794,500
6m_15pct,all,market_landscape,raw_tda,0.003996481853935496,-0.01919581857174767,0.007408297451611098,500
6m_15pct,all,delay,raw_tda,0.011753047829608971,-0.015159131416159152,0.017577276168822997,500
6m_15pct,all,market_delay,raw_tda,0.011239162285346178,-0.01796595512263338,0.016404233049083648,500
6m_15pct,all,diagram_kernel,raw_tda,-0.002171985217038937,-0.016985307261990042,0.007044842747130543,500
6m_15pct,all,market_landscape,market,0.001825836689019187,-0.0038392450535846,0.0024322462966465262,500
6m_15pct,all,market_delay,market,0.009068517120429866,-0.006873904989767617,0.013767710916011863,500
6m_15pct,all,diagram_kernel,market_kernel,-0.009400280312117485,-0.018622072532013426,0.005641891509556939,500
6m_15pct,all,inner_selector,base_rate,0.002150054051708927,-0.017615241671791876,0.02584405914992983,500
6m_15pct,post2017,landscape,raw_tda,-0.0017707944847654396,-0.01817037396496058,0.008595230970531402,500
6m_15pct,post2017,market_landscape,raw_tda,-0.003370556416845432,-0.02845804327407869,0.011651012658728666,500
6m_15pct,post2017,delay,raw_tda,-0.01439769088198173,-0.050970606327198804,0.004740838113413511,500
6m_15pct,post2017,market_delay,raw_tda,-0.009680026208131527,-0.04260103955339099,0.007870140675316467,500
6m_15pct,post2017,diagram_kernel,raw_tda,-0.011545338215296434,-0.043261737089599586,0.005840293186192544,500
6m_15pct,post2017,market_landscape,market,-0.0006403958584267908,-0.00737383181088148,0.0035380242544956345,500
6m_15pct,post2017,market_delay,market,-0.006949865649712889,-0.021995657713364872,7.442632246646703e-05,500
6m_15pct,post2017,diagram_kernel,market_kernel,-0.01151363488903614,-0.031842262310896735,-8.192562109098859e-05,500
6m_15pct,post2017,inner_selector,base_rate,0.023697565639864016,0.002174034235110962,0.06860342315086657,500
