target,outer_year,kind,cutoff,n_train,n_validation,max_train_label_end,max_validation_label_end
12m_20pct,2003,outer,2003-01-01,133,12,2002-12-31,
12m_20pct,2004,inner,2002-01-01,120,12,2001-12-06,2003-12-31
12m_20pct,2004,outer,2004-01-01,145,12,2003-12-31,
12m_20pct,2005,inner,2003-01-01,133,12,2002-12-31,2004-12-31
12m_20pct,2005,outer,2005-01-01,157,12,2004-12-31,
12m_20pct,2006,inner,2002-01-01,120,24,2001-12-06,2004-12-31
12m_20pct,2006,inner,2004-01-01,145,12,2003-12-31,2005-12-30
12m_20pct,2006,outer,2006-01-01,169,12,2005-12-30,
12m_20pct,2007,inner,2003-01-01,133,24,2002-12-31,2005-12-30
12m_20pct,2007,inner,2005-01-01,157,11,2004-12-31,2006-11-30
12m_20pct,2007,outer,2007-01-01,180,12,2006-11-30,
12m_20pct,2008,inner,2002-01-01,120,24,2001-12-06,2004-12-31
12m_20pct,2008,inner,2004-01-01,145,24,2003-12-31,2007-01-03
12m_20pct,2008,inner,2006-01-01,169,11,2005-12-30,2007-12-03
12m_20pct,2008,outer,2008-01-01,192,12,2007-12-03,
12m_20pct,2009,inner,2003-01-01,133,24,2002-12-31,2005-12-30
12m_20pct,2009,inner,2005-01-01,157,24,2004-12-31,2008-01-02
12m_20pct,2009,inner,2007-01-01,180,12,2006-11-30,2008-12-30
12m_20pct,2009,outer,2009-01-01,205,12,2008-12-30,
12m_20pct,2010,inner,2004-01-01,145,24,2003-12-31,2007-01-03
12m_20pct,2010,inner,2006-01-01,169,24,2005-12-30,2008-12-30
12m_20pct,2010,inner,2008-01-01,192,12,2007-12-03,2009-12-31
12m_20pct,2010,outer,2010-01-01,217,12,2009-12-31,
12m_20pct,2011,inner,2005-01-01,157,24,2004-12-31,2008-01-02
12m_20pct,2011,inner,2007-01-01,180,24,2006-11-30,2009-12-31
12m_20pct,2011,inner,2009-01-01,205,12,2008-12-30,2010-12-31
12m_20pct,2011,outer,2011-01-01,229,12,2010-12-31,
12m_20pct,2012,inner,2006-01-01,169,24,2005-12-30,2008-12-30
12m_20pct,2012,inner,2008-01-01,192,24,2007-12-03,2010-12-31
12m_20pct,2012,inner,2010-01-01,217,12,2009-12-31,2011-12-30
12m_20pct,2012,outer,2012-01-01,241,12,2011-12-30,
12m_20pct,2013,inner,2007-01-01,180,24,2006-11-30,2009-12-31
12m_20pct,2013,inner,2009-01-01,205,24,2008-12-30,2011-12-30
12m_20pct,2013,inner,2011-01-01,229,11,2010-12-31,2012-12-03
12m_20pct,2013,outer,2013-01-01,252,12,2012-12-03,
12m_20pct,2014,inner,2008-01-01,192,24,2007-12-03,2010-12-31
12m_20pct,2014,inner,2010-01-01,217,24,2009-12-31,2013-01-03
12m_20pct,2014,inner,2012-01-01,241,12,2011-12-30,2013-12-31
12m_20pct,2014,outer,2014-01-01,265,12,2013-12-31,
12m_20pct,2015,inner,2009-01-01,205,24,2008-12-30,2011-12-30
12m_20pct,2015,inner,2011-01-01,229,24,2010-12-31,2013-12-31
12m_20pct,2015,inner,2013-01-01,252,12,2012-12-03,2014-12-31
12m_20pct,2015,outer,2015-01-01,277,12,2014-12-31,
12m_20pct,2016,inner,2010-01-01,217,24,2009-12-31,2013-01-03
12m_20pct,2016,inner,2012-01-01,241,24,2011-12-30,2014-12-31
12m_20pct,2016,inner,2014-01-01,265,12,2013-12-31,2015-12-31
12m_20pct,2016,outer,2016-01-01,289,12,2015-12-31,
12m_20pct,2017,inner,2011-01-01,229,24,2010-12-31,2013-12-31
12m_20pct,2017,inner,2013-01-01,252,24,2012-12-03,2015-12-31
12m_20pct,2017,inner,2015-01-01,277,12,2014-12-31,2016-12-30
12m_20pct,2017,outer,2017-01-01,301,12,2016-12-30,
12m_20pct,2018,inner,2012-01-01,241,24,2011-12-30,2014-12-31
12m_20pct,2018,inner,2014-01-01,265,24,2013-12-31,2016-12-30
12m_20pct,2018,inner,2016-01-01,289,11,2015-12-31,2017-11-30
12m_20pct,2018,outer,2018-01-01,312,12,2017-11-30,
12m_20pct,2019,inner,2013-01-01,252,24,2012-12-03,2015-12-31
12m_20pct,2019,inner,2015-01-01,277,24,2014-12-31,2018-01-02
12m_20pct,2019,inner,2017-01-01,301,11,2016-12-30,2018-11-30
12m_20pct,2019,outer,2019-01-01,324,12,2018-11-30,
12m_20pct,2020,inner,2014-01-01,265,24,2013-12-31,2016-12-30
12m_20pct,2020,inner,2016-01-01,289,24,2015-12-31,2019-01-02
12m_20pct,2020,inner,2018-01-01,312,12,2017-11-30,2019-12-31
12m_20pct,2020,outer,2020-01-01,337,12,2019-12-31,
12m_20pct,2021,inner,2015-01-01,277,24,2014-12-31,2018-01-02
12m_20pct,2021,inner,2017-01-01,301,24,2016-12-30,2019-12-31
12m_20pct,2021,inner,2019-01-01,324,12,2018-11-30,2020-12-30
12m_20pct,2021,outer,2021-01-01,349,12,2020-12-30,
12m_20pct,2022,inner,2016-01-01,289,24,2015-12-31,2019-01-02
12m_20pct,2022,inner,2018-01-01,312,24,2017-11-30,2020-12-30
12m_20pct,2022,inner,2020-01-01,337,12,2019-12-31,2021-12-31
12m_20pct,2022,outer,2022-01-01,361,12,2021-12-31,
12m_20pct,2023,inner,2017-01-01,301,24,2016-12-30,2019-12-31
12m_20pct,2023,inner,2019-01-01,324,24,2018-11-30,2021-12-31
12m_20pct,2023,inner,2021-01-01,349,11,2020-12-30,2022-11-30
12m_20pct,2023,outer,2023-01-01,372,12,2022-11-30,
12m_20pct,2024,inner,2018-01-01,312,24,2017-11-30,2020-12-30
12m_20pct,2024,inner,2020-01-01,337,24,2019-12-31,2023-01-03
12m_20pct,2024,inner,2022-01-01,361,11,2021-12-31,2023-12-01
12m_20pct,2024,outer,2024-01-01,384,12,2023-12-01,
12m_20pct,2025,inner,2019-01-01,324,24,2018-11-30,2021-12-31
12m_20pct,2025,inner,2021-01-01,349,24,2020-12-30,2024-01-03
12m_20pct,2025,inner,2023-01-01,372,12,2022-11-30,2024-12-31
12m_20pct,2025,outer,2025-01-01,397,12,2024-12-31,
12m_20pct,2026,inner,2020-01-01,337,24,2019-12-31,2023-01-03
12m_20pct,2026,inner,2022-01-01,361,24,2021-12-31,2024-12-31
12m_20pct,2026,inner,2024-01-01,384,11,2023-12-01,2025-12-03
12m_20pct,2026,outer,2026-01-01,408,8,2025-12-03,
6m_15pct,2003,outer,2003-01-01,139,12,2002-12-27,
6m_15pct,2004,inner,2002-01-01,126,18,2001-12-04,2003-12-29
6m_15pct,2004,outer,2004-01-01,151,12,2003-12-29,
6m_15pct,2005,inner,2003-01-01,139,18,2002-12-27,2004-12-29
6m_15pct,2005,outer,2005-01-01,163,12,2004-12-29,
6m_15pct,2006,inner,2002-01-01,126,24,2001-12-04,2004-07-02
6m_15pct,2006,inner,2004-01-01,151,18,2003-12-29,2005-12-29
6m_15pct,2006,outer,2006-01-01,175,12,2005-12-29,
6m_15pct,2007,inner,2003-01-01,139,24,2002-12-27,2005-07-01
6m_15pct,2007,inner,2005-01-01,163,18,2004-12-29,2006-12-29
6m_15pct,2007,outer,2007-01-01,187,12,2006-12-29,
6m_15pct,2008,inner,2002-01-01,126,24,2001-12-04,2004-07-02
6m_15pct,2008,inner,2004-01-01,151,24,2003-12-29,2006-07-03
6m_15pct,2008,inner,2006-01-01,175,18,2005-12-29,2007-12-28
6m_15pct,2008,outer,2008-01-01,199,12,2007-12-28,
6m_15pct,2009,inner,2003-01-01,139,24,2002-12-27,2005-07-01
6m_15pct,2009,inner,2005-01-01,163,24,2004-12-29,2007-07-03
6m_15pct,2009,inner,2007-01-01,187,18,2006-12-29,2008-12-29
6m_15pct,2009,outer,2009-01-01,211,12,2008-12-29,
6m_15pct,2010,inner,2004-01-01,151,24,2003-12-29,2006-07-03
6m_15pct,2010,inner,2006-01-01,175,24,2005-12-29,2008-07-01
6m_15pct,2010,inner,2008-01-01,199,18,2007-12-28,2009-12-29
6m_15pct,2010,outer,2010-01-01,223,12,2009-12-29,
6m_15pct,2011,inner,2005-01-01,163,24,2004-12-29,2007-07-03
6m_15pct,2011,inner,2007-01-01,187,24,2006-12-29,2009-07-02
6m_15pct,2011,inner,2009-01-01,211,18,2008-12-29,2010-12-29
6m_15pct,2011,outer,2011-01-01,235,12,2010-12-29,
6m_15pct,2012,inner,2006-01-01,175,24,2005-12-29,2008-07-01
6m_15pct,2012,inner,2008-01-01,199,24,2007-12-28,2010-07-02
6m_15pct,2012,inner,2010-01-01,223,18,2009-12-29,2011-12-29
6m_15pct,2012,outer,2012-01-01,247,12,2011-12-29,
6m_15pct,2013,inner,2007-01-01,187,24,2006-12-29,2009-07-02
6m_15pct,2013,inner,2009-01-01,211,24,2008-12-29,2011-07-01
6m_15pct,2013,inner,2011-01-01,235,17,2010-12-29,2012-11-30
6m_15pct,2013,outer,2013-01-01,258,12,2012-11-30,
6m_15pct,2014,inner,2008-01-01,199,24,2007-12-28,2010-07-02
6m_15pct,2014,inner,2010-01-01,223,24,2009-12-29,2012-07-02
6m_15pct,2014,inner,2012-01-01,247,18,2011-12-29,2013-12-27
6m_15pct,2014,outer,2014-01-01,271,12,2013-12-27,
6m_15pct,2015,inner,2009-01-01,211,24,2008-12-29,2011-07-01
6m_15pct,2015,inner,2011-01-01,235,24,2010-12-29,2013-07-02
6m_15pct,2015,inner,2013-01-01,258,18,2012-11-30,2014-12-29
6m_15pct,2015,outer,2015-01-01,283,12,2014-12-29,
6m_15pct,2016,inner,2010-01-01,223,24,2009-12-29,2012-07-02
6m_15pct,2016,inner,2012-01-01,247,24,2011-12-29,2014-07-02
6m_15pct,2016,inner,2014-01-01,271,18,2013-12-27,2015-12-29
6m_15pct,2016,outer,2016-01-01,295,12,2015-12-29,
6m_15pct,2017,inner,2011-01-01,235,24,2010-12-29,2013-07-02
6m_15pct,2017,inner,2013-01-01,258,24,2012-11-30,2015-07-02
6m_15pct,2017,inner,2015-01-01,283,18,2014-12-29,2016-12-29
6m_15pct,2017,outer,2017-01-01,307,12,2016-12-29,
6m_15pct,2018,inner,2012-01-01,247,24,2011-12-29,2014-07-02
6m_15pct,2018,inner,2014-01-01,271,24,2013-12-27,2016-07-01
6m_15pct,2018,inner,2016-01-01,295,18,2015-12-29,2017-12-29
6m_15pct,2018,outer,2018-01-01,319,12,2017-12-29,
6m_15pct,2019,inner,2013-01-01,258,24,2012-11-30,2015-07-02
6m_15pct,2019,inner,2015-01-01,283,24,2014-12-29,2017-07-03
6m_15pct,2019,inner,2017-01-01,307,18,2016-12-29,2018-12-31
6m_15pct,2019,outer,2019-01-01,331,12,2018-12-31,
6m_15pct,2020,inner,2014-01-01,271,24,2013-12-27,2016-07-01
6m_15pct,2020,inner,2016-01-01,295,24,2015-12-29,2018-07-02
6m_15pct,2020,inner,2018-01-01,319,18,2017-12-29,2019-12-27
6m_15pct,2020,outer,2020-01-01,343,12,2019-12-27,
6m_15pct,2021,inner,2015-01-01,283,24,2014-12-29,2017-07-03
6m_15pct,2021,inner,2017-01-01,307,24,2016-12-29,2019-07-02
6m_15pct,2021,inner,2019-01-01,331,18,2018-12-31,2020-12-29
6m_15pct,2021,outer,2021-01-01,355,12,2020-12-29,
6m_15pct,2022,inner,2016-01-01,295,24,2015-12-29,2018-07-02
6m_15pct,2022,inner,2018-01-01,319,24,2017-12-29,2020-07-01
6m_15pct,2022,inner,2020-01-01,343,18,2019-12-27,2021-12-29
6m_15pct,2022,outer,2022-01-01,367,12,2021-12-29,
6m_15pct,2023,inner,2017-01-01,307,24,2016-12-29,2019-07-02
6m_15pct,2023,inner,2019-01-01,331,24,2018-12-31,2021-07-02
6m_15pct,2023,inner,2021-01-01,355,18,2020-12-29,2022-12-29
6m_15pct,2023,outer,2023-01-01,379,12,2022-12-29,
6m_15pct,2024,inner,2018-01-01,319,24,2017-12-29,2020-07-01
6m_15pct,2024,inner,2020-01-01,343,24,2019-12-27,2022-07-05
6m_15pct,2024,inner,2022-01-01,367,18,2021-12-29,2023-12-29
6m_15pct,2024,outer,2024-01-01,391,12,2023-12-29,
6m_15pct,2025,inner,2019-01-01,331,24,2018-12-31,2021-07-02
6m_15pct,2025,inner,2021-01-01,355,24,2020-12-29,2023-07-05
6m_15pct,2025,inner,2023-01-01,379,18,2022-12-29,2024-12-27
6m_15pct,2025,outer,2025-01-01,403,12,2024-12-27,
6m_15pct,2026,inner,2020-01-01,343,24,2019-12-27,2022-07-05
6m_15pct,2026,inner,2022-01-01,367,24,2021-12-29,2024-07-02
6m_15pct,2026,inner,2024-01-01,391,18,2023-12-29,2025-12-29
6m_15pct,2026,outer,2026-01-01,415,8,2025-12-29,
