target,period,model,n,positive,first,last,brier,log_loss,auc,ap,brier_skill
12m_20pct,all,base_rate,272,32,2003-01-31,2025-08-29,0.10968544577560908,0.3847836751073666,0.13802083333333331,0.08262756338071409,0.0
12m_20pct,all,delay,272,32,2003-01-31,2025-08-29,0.1198469874479535,0.4144781047023956,0.48216145833333335,0.14576470819153994,-0.09264257076670468
12m_20pct,all,diagram_kernel,272,32,2003-01-31,2025-08-29,0.11096505767230935,0.4943616356368543,0.5397135416666667,0.13756485071649488,-0.011666195890000397
12m_20pct,all,inner_selector,272,32,2003-01-31,2025-08-29,0.11856670156714391,0.5197028332483626,0.5367838541666665,0.19397204472568746,-0.08097023017715421
12m_20pct,all,landscape,272,32,2003-01-31,2025-08-29,0.1121010717789975,0.40739463103847984,0.4451822916666667,0.14244745062017244,-0.022023213620613102
12m_20pct,all,market,272,32,2003-01-31,2025-08-29,0.12302847226458515,0.4366321569946281,0.5006510416666666,0.1743625093258159,-0.1216481037627617
12m_20pct,all,market_delay,272,32,2003-01-31,2025-08-29,0.13094449528849395,0.4868498655222665,0.49752604166666664,0.1685415522291263,-0.1938183262378852
12m_20pct,all,market_kernel,272,32,2003-01-31,2025-08-29,0.11906663794105544,0.45964414426712397,0.61484375,0.21819271838096138,-0.08552814002906173
12m_20pct,all,market_landscape,272,32,2003-01-31,2025-08-29,0.11858481292306064,0.4281562573807174,0.5071614583333334,0.1997510000276052,-0.0811353510442725
12m_20pct,all,raw_tda,272,32,2003-01-31,2025-08-29,0.11372058968177635,0.3967503233207746,0.5204427083333333,0.1572925338417632,-0.036788325722104
12m_20pct,post2017,base_rate,104,16,2017-01-31,2025-08-29,0.13225760720058496,0.43793796213035124,0.26988636363636365,0.1313042897621702,0.0
12m_20pct,post2017,delay,104,16,2017-01-31,2025-08-29,0.15120821573526927,0.5289870911961025,0.23082386363636362,0.11018147145848496,-0.1432855843667531
12m_20pct,post2017,diagram_kernel,104,16,2017-01-31,2025-08-29,0.15471197120751468,0.574213048261602,0.2741477272727273,0.10852457158930731,-0.16977748563736594
12m_20pct,post2017,inner_selector,104,16,2017-01-31,2025-08-29,0.1786292956141437,0.6509837154718158,0.21626420454545453,0.10301956264111202,-0.3506164174226316
12m_20pct,post2017,landscape,104,16,2017-01-31,2025-08-29,0.1634354824902655,0.5629397594542501,0.2947443181818182,0.11019472084520299,-0.23573596974573596
12m_20pct,post2017,market,104,16,2017-01-31,2025-08-29,0.1699585218771665,0.6307187895289856,0.17897727272727273,0.09740930177825005,-0.28505668199034817
12m_20pct,post2017,market_delay,104,16,2017-01-31,2025-08-29,0.17595626657458868,0.7081816708041425,0.19176136363636365,0.09906255218963843,-0.3304056401665374
12m_20pct,post2017,market_kernel,104,16,2017-01-31,2025-08-29,0.17003520463205243,0.7515573992987092,0.2982954545454546,0.11006735611305966,-0.2856364804345286
12m_20pct,post2017,market_landscape,104,16,2017-01-31,2025-08-29,0.166971845343344,0.635915342391958,0.23295454545454544,0.10207583710530524,-0.2624744154800156
12m_20pct,post2017,raw_tda,104,16,2017-01-31,2025-08-29,0.1760369771180666,0.5766048259801828,0.3302556818181818,0.11507376049710853,-0.3310158927273259
12m_20pct,2003-2006,base_rate,48,0,2003-01-31,2006-12-29,0.028675827234810648,0.18517059677402684,,,0.0
12m_20pct,2003-2006,delay,48,0,2003-01-31,2006-12-29,0.06645446982369807,0.2629155513258522,,,-1.317438631483542
12m_20pct,2003-2006,diagram_kernel,48,0,2003-01-31,2006-12-29,0.0043307204025811825,0.04514636490299701,,,0.848976618281339
12m_20pct,2003-2006,inner_selector,48,0,2003-01-31,2006-12-29,0.008088831812687308,0.06965058386942725,,,0.7179215878777518
12m_20pct,2003-2006,landscape,48,0,2003-01-31,2006-12-29,0.017562463961617193,0.13507671408869143,,,0.3875516190759628
12m_20pct,2003-2006,market,48,0,2003-01-31,2006-12-29,0.05909336906602199,0.23265505304852274,,,-1.060738076782886
12m_20pct,2003-2006,market_delay,48,0,2003-01-31,2006-12-29,0.07758005288740934,0.31714111782044024,,,-1.7054163861481229
12m_20pct,2003-2006,market_kernel,48,0,2003-01-31,2006-12-29,0.054034436294639665,0.162208391875982,,,-0.8843200529903201
12m_20pct,2003-2006,market_landscape,48,0,2003-01-31,2006-12-29,0.049779952391175164,0.1980081541203095,,,-0.7359552344751694
12m_20pct,2003-2006,raw_tda,48,0,2003-01-31,2006-12-29,0.00885190418680017,0.08685002233914328,,,0.6913112875762302
12m_20pct,2007-2011,base_rate,60,16,2007-01-31,2011-12-30,0.21835016142182315,0.6590299702816225,0.02272727272727272,0.22083333333333335,0.0
12m_20pct,2007-2011,delay,60,16,2007-01-31,2011-12-30,0.21098690918955715,0.615119005773328,0.5724431818181818,0.3250958233817546,0.033722220237067724
12m_20pct,2007-2011,diagram_kernel,60,16,2007-01-31,2011-12-30,0.2252174293784806,1.1426501781462908,0.49147727272727276,0.26036130710895977,-0.03145071160900503
12m_20pct,2007-2011,inner_selector,60,16,2007-01-31,2011-12-30,0.21223873471602486,1.1055764958748258,0.6178977272727273,0.4219165581902618,0.027989110088138758
12m_20pct,2007-2011,landscape,60,16,2007-01-31,2011-12-30,0.20088099032914875,0.6687161665302579,0.53125,0.4658123701254296,0.08000530422748953
12m_20pct,2007-2011,market,60,16,2007-01-31,2011-12-30,0.20246278089882977,0.5809773457386771,0.6960227272727273,0.4785934104995141,0.07276102027834597
12m_20pct,2007-2011,market_delay,60,16,2007-01-31,2011-12-30,0.21491388933534666,0.6186416703834027,0.6747159090909091,0.45866861687378424,0.01573743781136061
12m_20pct,2007-2011,market_kernel,60,16,2007-01-31,2011-12-30,0.18367565283524243,0.5600122029461346,0.7116477272727273,0.47234025177099825,0.1588023034230519
12m_20pct,2007-2011,market_landscape,60,16,2007-01-31,2011-12-30,0.20000664169365517,0.5877034003636153,0.671875,0.47315465465963746,0.08400964583090353
12m_20pct,2007-2011,raw_tda,60,16,2007-01-31,2011-12-30,0.19626185428461176,0.6446414946361286,0.6022727272727273,0.537493818933091,0.10116002201866814
12m_20pct,2012-2016,base_rate,60,0,2012-01-31,2016-12-30,0.0267033451587423,0.17809374509327622,,,0.0
12m_20pct,2012-2016,delay,60,0,2012-01-31,2016-12-30,0.0170616174410735,0.1366050030769392,,,0.3610681605750894
12m_20pct,2012-2016,diagram_kernel,60,0,2012-01-31,2016-12-30,0.006192172320898068,0.06703619449827457,,,0.7681124861290707
12m_20pct,2012-2016,inner_selector,60,0,2012-01-31,2016-12-30,0.009168467873695348,0.06631744093772922,,,0.656654706772057
12m_20pct,2012-2016,landscape,60,0,2012-01-31,2016-12-30,0.009972394249885937,0.09431587318586422,,,0.6265488765320057
12m_20pct,2012-2016,market,60,0,2012-01-31,2016-12-30,0.01339682686071667,0.11905182168124377,,,0.498309040269034
12m_20pct,2012-2016,market_delay,60,0,2012-01-31,2016-12-30,0.011646251599944805,0.10718326300067325,,,0.56386544342247
12m_20pct,2012-2016,market_kernel,60,0,2012-01-31,2016-12-30,0.018137868766272935,0.0912417121129456,,,0.3207641717376801
12m_20pct,2012-2016,market_landscape,60,0,2012-01-31,2016-12-30,0.008336016382816646,0.09261184965332829,,,0.6878287595332395
12m_20pct,2012-2016,raw_tda,60,0,2012-01-31,2016-12-30,0.007059201918685426,0.08503158818108503,,,0.7356435354177211
12m_20pct,2017-2020,base_rate,48,11,2017-01-31,2020-12-31,0.18708937606867349,0.5773992553362056,0.2788697788697789,0.24621212121212122,0.0
12m_20pct,2017-2020,delay,48,11,2017-01-31,2020-12-31,0.22743870471739577,0.7723486460684882,0.19656019656019658,0.1574948469845774,-0.21566873275536258
12m_20pct,2017-2020,diagram_kernel,48,11,2017-01-31,2020-12-31,0.2197291996947092,0.8231809428293064,0.3071253071253071,0.17545116334123323,-0.17446112821529125
12m_20pct,2017-2020,inner_selector,48,11,2017-01-31,2020-12-31,0.287561367631384,1.0389983875760456,0.21621621621621623,0.15748196823503802,-0.5370267070954955
12m_20pct,2017-2020,landscape,48,11,2017-01-31,2020-12-31,0.24367880586106003,0.8185905506629498,0.3538083538083538,0.1869321766503656,-0.3024727057276342
12m_20pct,2017-2020,market,48,11,2017-01-31,2020-12-31,0.25886985764183496,0.9653375633664734,0.06388206388206388,0.13839962773385933,-0.38366946900722754
12m_20pct,2017-2020,market_delay,48,11,2017-01-31,2020-12-31,0.2722669426085577,1.1346654487903483,0.1253071253071253,0.14460718623156726,-0.4552774098119754
12m_20pct,2017-2020,market_kernel,48,11,2017-01-31,2020-12-31,0.22399192323324943,1.1184166255024819,0.3587223587223587,0.18473151894422207,-0.19724555151132894
12m_20pct,2017-2020,market_landscape,48,11,2017-01-31,2020-12-31,0.24916649592869125,0.9677424409840919,0.2506142506142506,0.1644352903739669,-0.33180462281958545
12m_20pct,2017-2020,raw_tda,48,11,2017-01-31,2020-12-31,0.26961997403322746,0.8465975129424098,0.484029484029484,0.2219719261602966,-0.44112925970879346
12m_20pct,2021-2026,base_rate,56,5,2021-01-29,2025-08-29,0.08525894817079473,0.3183997108110474,0.31960784313725493,0.08472222222222223,0.0
12m_20pct,2021-2026,delay,56,5,2021-01-29,2025-08-29,0.08586779660773229,0.3203914727340575,0.39607843137254906,0.17710162178247285,-0.007141167584168384
12m_20pct,2021-2026,diagram_kernel,56,5,2021-01-29,2025-08-29,0.09898291821849078,0.3608119957749982,0.41960784313725497,0.08966080977845683,-0.16096809006139212
12m_20pct,2021-2026,inner_selector,56,5,2021-01-29,2025-08-29,0.08525894817079473,0.3183997108110474,0.31960784313725493,0.08472222222222223,0.0
12m_20pct,2021-2026,landscape,56,5,2021-01-29,2025-08-29,0.09465549102958451,0.3438105098467931,0.4823529411764706,0.09877007753168744,-0.11021180838363365
12m_20pct,2021-2026,market,56,5,2021-01-29,2025-08-29,0.09374880550745066,0.3439026976682818,0.33725490196078434,0.08096019460415745,-0.09957731732332253
12m_20pct,2021-2026,market_delay,56,5,2021-01-29,2025-08-29,0.09340425854547237,0.34262414681596626,0.33725490196078434,0.08434474428966472,-0.09553613490938884
12m_20pct,2021-2026,market_kernel,56,5,2021-01-29,2025-08-29,0.12378658868816927,0.43710663398118993,0.30196078431372547,0.07548948873394296,-0.4518897000722337
12m_20pct,2021-2026,market_landscape,56,5,2021-01-29,2025-08-29,0.0965192876987607,0.3514921150272719,0.33333333333333337,0.07816227940451544,-0.13207223135580715
12m_20pct,2021-2026,raw_tda,56,5,2021-01-29,2025-08-29,0.09582297976221445,0.3451825228697024,0.5019607843137255,0.10164046479835953,-0.12390525356068616
12m_20pct,2003,base_rate,12,0,2003-01-31,2003-12-31,0.024930747922437674,0.1718502569266593,,,0.0
12m_20pct,2003,delay,12,0,2003-01-31,2003-12-31,0.20061087592762797,0.5759170228203118,,,-7.04672513443041
12m_20pct,2003,diagram_kernel,12,0,2003-01-31,2003-12-31,0.009558900693931673,0.06375910921470401,,,0.6165818721656295
12m_20pct,2003,inner_selector,12,0,2003-01-31,2003-12-31,0.024930747922437674,0.1718502569266593,,,0.0
12m_20pct,2003,landscape,12,0,2003-01-31,2003-12-31,0.015893186212913007,0.1313890994953025,,,0.3625066419042672
12m_20pct,2003,market,12,0,2003-01-31,2003-12-31,0.18752984620219146,0.525707857292018,,,-6.522030497665679
12m_20pct,2003,market_delay,12,0,2003-01-31,2003-12-31,0.268053752039782,0.894121152213354,,,-9.751933831817922
12m_20pct,2003,market_kernel,12,0,2003-01-31,2003-12-31,0.20743422496738909,0.5420212603250193,,,-7.320417245914161
12m_20pct,2003,market_landscape,12,0,2003-01-31,2003-12-31,0.1619912632349341,0.44636444861162855,,,-5.49764955864569
12m_20pct,2003,raw_tda,12,0,2003-01-31,2003-12-31,0.0053575659872447,0.07447950799779084,,,0.7851020754005181
12m_20pct,2004,base_rate,12,0,2004-01-30,2004-12-31,0.03467300832342451,0.20604911795490966,,,0.0
12m_20pct,2004,delay,12,0,2004-01-30,2004-12-31,0.02687783512587498,0.1787337491431121,,,0.22481963851643172
12m_20pct,2004,diagram_kernel,12,0,2004-01-30,2004-12-31,0.0066396511874105375,0.0807502840265996,,,0.8085066307060267
12m_20pct,2004,inner_selector,12,0,2004-01-30,2004-12-31,0.001938076105279075,0.02849523036430889,,,0.9441041836577606
12m_20pct,2004,landscape,12,0,2004-01-30,2004-12-31,0.033662992094588146,0.20194963671074428,,,0.029129754747989733
12m_20pct,2004,market,12,0,2004-01-30,2004-12-31,0.01972786171365374,0.15034655980032974,,,0.43103114879345716
12m_20pct,2004,market_delay,12,0,2004-01-30,2004-12-31,0.01748675951369364,0.1410857566826822,,,0.4956665037374367
12m_20pct,2004,market_kernel,12,0,2004-01-30,2004-12-31,0.001938076105279075,0.02849523036430889,,,0.9441041836577606
12m_20pct,2004,market_landscape,12,0,2004-01-30,2004-12-31,0.01801968158989473,0.1428394603154101,,,0.4802965631995384
12m_20pct,2004,raw_tda,12,0,2004-01-30,2004-12-31,0.025045953108136686,0.1715467823246846,,,0.27765272414461784
12m_20pct,2005,base_rate,12,0,2005-01-31,2005-12-30,0.02957523631790336,0.18871135489272559,,,0.0
12m_20pct,2005,delay,12,0,2005-01-31,2005-12-30,0.021590293522720908,0.1587700252689617,,,0.2699874553613886
12m_20pct,2005,diagram_kernel,12,0,2005-01-31,2005-12-30,1.8211401051069547e-05,0.0025887221853804713,,,0.9993842348086313
12m_20pct,2005,inner_selector,12,0,2005-01-31,2005-12-30,0.002291587516889474,0.048231444074798985,,,0.9225166794186438
12m_20pct,2005,landscape,12,0,2005-01-31,2005-12-30,0.0064767287871278076,0.08029980012817514,,,0.7810083842607498
12m_20pct,2005,market,12,0,2005-01-31,2005-12-30,0.016433588431978216,0.13666425501755577,,,0.4443463357203963
12m_20pct,2005,market_delay,12,0,2005-01-31,2005-12-30,0.014273620951618875,0.12672548115683913,,,0.5173793102380608
12m_20pct,2005,market_kernel,12,0,2005-01-31,2005-12-30,0.0035705283997474386,0.048291672702657884,,,0.8792730390598428
12m_20pct,2005,market_landscape,12,0,2005-01-31,2005-12-30,0.011463453933215522,0.11253076579046335,,,0.612396877915186
12m_20pct,2005,raw_tda,12,0,2005-01-31,2005-12-30,0.002291587516889474,0.048231444074798985,,,0.9225166794186438
12m_20pct,2006,base_rate,12,0,2006-01-31,2006-12-29,0.025524316375477057,0.17407165732181282,,,0.0
12m_20pct,2006,delay,12,0,2006-01-31,2006-12-29,0.016738874718568397,0.13824140807102323,,,0.34419890145811827
12m_20pct,2006,diagram_kernel,12,0,2006-01-31,2006-12-29,0.0011061183279314506,0.03348734418530396,,,0.9566641350287378
12m_20pct,2006,inner_selector,12,0,2006-01-31,2006-12-29,0.0031949157061430017,0.030025404111941854,,,0.8748285494058295
12m_20pct,2006,landscape,12,0,2006-01-31,2006-12-29,0.014216948751839818,0.12666832002054382,,,0.44300374032743906
12m_20pct,2006,market,12,0,2006-01-31,2006-12-29,0.0126821799162646,0.11790154008418756,,,0.5031334148306816
12m_20pct,2006,market_delay,12,0,2006-01-31,2006-12-29,0.010506079044542866,0.10663208122888583,,,0.588389405224707
12m_20pct,2006,market_kernel,12,0,2006-01-31,2006-12-29,0.0031949157061430017,0.030025404111941854,,,0.8748285494058295
12m_20pct,2006,market_landscape,12,0,2006-01-31,2006-12-29,0.007645410806656337,0.09029794176373607,,,0.700465599384209
12m_20pct,2006,raw_tda,12,0,2006-01-31,2006-12-29,0.002712510134929819,0.05314235495929865,,,0.8937283923679965
12m_20pct,2007,base_rate,12,4,2007-01-31,2007-12-31,0.25583333333333336,0.7407192812938104,0.5,0.3333333333333333,0.0
12m_20pct,2007,delay,12,4,2007-01-31,2007-12-31,0.2441093517233409,0.6969408317217312,0.90625,0.8041666666666667,0.04582663821495425
12m_20pct,2007,diagram_kernel,12,4,2007-01-31,2007-12-31,0.3285622008994506,3.3973510093892236,0.3125,0.3,-0.2842822184994811
12m_20pct,2007,inner_selector,12,4,2007-01-31,2007-12-31,0.3285622008994506,3.3973510093892236,0.3125,0.3,-0.2842822184994811
12m_20pct,2007,landscape,12,4,2007-01-31,2007-12-31,0.31156965345323134,1.1588348790276524,0.5,0.3770833333333333,-0.217861837602207
12m_20pct,2007,market,12,4,2007-01-31,2007-12-31,0.25459729130633096,0.7338062146008938,0.90625,0.8541666666666666,0.0048314346332341
12m_20pct,2007,market_delay,12,4,2007-01-31,2007-12-31,0.25641907726933255,0.7457229397810412,0.875,0.7708333333333333,-0.0022895528442965496
12m_20pct,2007,market_kernel,12,4,2007-01-31,2007-12-31,0.27062103068208987,0.8670879786513578,0.6875,0.7048611111111112,-0.05780207432738704
12m_20pct,2007,market_landscape,12,4,2007-01-31,2007-12-31,0.2743746814664272,0.8274504159898188,0.875,0.8303571428571428,-0.07247432495020378
12m_20pct,2007,raw_tda,12,4,2007-01-31,2007-12-31,0.3097977502078707,1.1235924509176654,0.8125,0.7291666666666666,-0.21093583143141625
12m_20pct,2008,base_rate,12,12,2008-01-31,2008-12-31,0.738525390625,1.961658506023453,,1.0,0.0
12m_20pct,2008,delay,12,12,2008-01-31,2008-12-31,0.5239392160789108,1.362290859066084,,1.0,0.2905603209721591
12m_20pct,2008,diagram_kernel,12,12,2008-01-31,2008-12-31,0.6180380059932495,1.5812501371744763,,1.0,0.16314589337244623
12m_20pct,2008,inner_selector,12,12,2008-01-31,2008-12-31,0.3260058985910268,0.9247094662469039,,1.0,0.5585718477260013
12m_20pct,2008,landscape,12,12,2008-01-31,2008-12-31,0.6255195045988864,1.7166774053706018,,1.0,0.15301557327701198
12m_20pct,2008,market,12,12,2008-01-31,2008-12-31,0.41900762120242,1.0741029574127887,,1.0,0.4326429036545083
12m_20pct,2008,market_delay,12,12,2008-01-31,2008-12-31,0.3938315512670357,1.0094835017065393,,1.0,0.4667325507471808
12m_20pct,2008,market_kernel,12,12,2008-01-31,2008-12-31,0.3260058985910268,0.9247094662469039,,1.0,0.5585718477260013
12m_20pct,2008,market_landscape,12,12,2008-01-31,2008-12-31,0.44926897282888745,1.1648509423543378,,1.0,0.39166753298938084
12m_20pct,2008,raw_tda,12,12,2008-01-31,2008-12-31,0.6264208511023951,1.728574644825251,,1.0,0.1517951054163933
12m_20pct,2009,base_rate,12,0,2009-01-30,2009-12-31,0.02286734086853064,0.16395467992387916,,,0.0
12m_20pct,2009,delay,12,0,2009-01-30,2009-12-31,0.12397261161573514,0.4047039067626024,,,-4.421382937722444
12m_20pct,2009,diagram_kernel,12,0,2009-01-30,2009-12-31,0.0754322876526622,0.2930306510133286,,,-2.298690831012621
12m_20pct,2009,inner_selector,12,0,2009-01-30,2009-12-31,0.12397261161573514,0.4047039067626024,,,-4.421382937722444
12m_20pct,2009,landscape,12,0,2009-01-30,2009-12-31,0.02534104971479642,0.1684632404474727,,,-0.1081764976735895
12m_20pct,2009,market,12,0,2009-01-30,2009-12-31,0.24803771879245792,0.6825272903362888,,,-9.84681075156404
12m_20pct,2009,market_delay,12,0,2009-01-30,2009-12-31,0.29426586770828894,0.8264871572747715,,,-11.868390312633549
12m_20pct,2009,market_kernel,12,0,2009-01-30,2009-12-31,0.03909837242918363,0.2071454728570116,,,-0.7097909483209592
12m_20pct,2009,market_landscape,12,0,2009-01-30,2009-12-31,0.2124337067394887,0.5886484766266421,,,-8.289829891495328
12m_20pct,2009,raw_tda,12,0,2009-01-30,2009-12-31,0.0233028449871904,0.16002422304862385,,,-0.019044808102680832
12m_20pct,2010,base_rate,12,0,2010-01-29,2010-12-31,0.039266070632207106,0.2208420543259306,,,0.0
12m_20pct,2010,delay,12,0,2010-01-29,2010-12-31,0.0514032311147199,0.24044175865655162,,,-0.30910045968688205
12m_20pct,2010,diagram_kernel,12,0,2010-01-29,2010-12-31,0.062162140008892836,0.24784300088859698,,,-0.5831006007997588
12m_20pct,2010,inner_selector,12,0,2010-01-29,2010-12-31,0.13588786327292757,0.4063889280123701,,,-2.460694209658672
12m_20pct,2010,landscape,12,0,2010-01-29,2010-12-31,0.015299543355291602,0.12601424666122024,,,0.6103622514562865
12m_20pct,2010,market,12,0,2010-01-29,2010-12-31,0.045630930725000234,0.1965575628555538,,,-0.16209567166551397
12m_20pct,2010,market_delay,12,0,2010-01-29,2010-12-31,0.04447974943666271,0.20905339792558872,,,-0.13277821591293137
12m_20pct,2010,market_kernel,12,0,2010-01-29,2010-12-31,0.13588786327292757,0.4063889280123701,,,-2.460694209658672
12m_20pct,2010,market_landscape,12,0,2010-01-29,2010-12-31,0.027908695268146,0.17003240683217893,,,0.28924145403908785
12m_20pct,2010,raw_tda,12,0,2010-01-29,2010-12-31,0.013958862106922508,0.12316856796413973,,,0.6445057556771909
12m_20pct,2011,base_rate,12,0,2011-01-31,2011-12-30,0.03525867165004481,0.20797532984103836,,,0.0
12m_20pct,2011,delay,12,0,2011-01-31,2011-12-30,0.111510135415079,0.37121767265967076,,,-2.1626300764208537
12m_20pct,2011,diagram_kernel,12,0,2011-01-31,2011-12-30,0.041892512338148,0.19377609226582915,,,-0.18814777691985918
12m_20pct,2011,inner_selector,12,0,2011-01-31,2011-12-30,0.14676509920098416,0.3947291689630294,,,-3.162524914655928
12m_20pct,2011,landscape,12,0,2011-01-31,2011-12-30,0.02667520052353785,0.17359106114434208,,,0.2434428390184702
12m_20pct,2011,market,12,0,2011-01-31,2011-12-30,0.0450403424679397,0.21789270348786058,,,-0.27742595963289673
12m_20pct,2011,market_delay,12,0,2011-01-31,2011-12-30,0.08557320099541303,0.3024613552290723,,,-1.4270114837211767
12m_20pct,2011,market_kernel,12,0,2011-01-31,2011-12-30,0.14676509920098416,0.3947291689630294,,,-3.162524914655928
12m_20pct,2011,market_landscape,12,0,2011-01-31,2011-12-30,0.03604715216532644,0.18753476001509928,,,-0.022362740238985435
12m_20pct,2011,raw_tda,12,0,2011-01-31,2011-12-30,0.00782896301868028,0.08784758642496314,,,0.7779563820104853
12m_20pct,2012,base_rate,12,0,2012-01-31,2012-12-31,0.031834851328317364,0.1965299027961198,,,0.0
12m_20pct,2012,delay,12,0,2012-01-31,2012-12-31,0.017802728122628952,0.1378962026154182,,,0.44077866301221647
12m_20pct,2012,diagram_kernel,12,0,2012-01-31,2012-12-31,0.007593027360633687,0.07715694850327974,,,0.7614869539572932
12m_20pct,2012,inner_selector,12,0,2012-01-31,2012-12-31,0.03081683940140596,0.13279905080566348,,,0.03197790736989792
12m_20pct,2012,landscape,12,0,2012-01-31,2012-12-31,0.010515060333333997,0.10085487430565306,,,0.6696997191885496
12m_20pct,2012,market,12,0,2012-01-31,2012-12-31,0.018997165025440476,0.14617399340722828,,,0.4032588740710612
12m_20pct,2012,market_delay,12,0,2012-01-31,2012-12-31,0.014859999634368272,0.12404075125203294,,,0.5332159876886191
12m_20pct,2012,market_kernel,12,0,2012-01-31,2012-12-31,0.03081683940140596,0.13279905080566348,,,0.03197790736989792
12m_20pct,2012,market_landscape,12,0,2012-01-31,2012-12-31,0.012102462264094218,0.11403418321122334,,,0.6198360677334473
12m_20pct,2012,raw_tda,12,0,2012-01-31,2012-12-31,0.00904393087900904,0.09813906704053103,,,0.7159110062824641
12m_20pct,2013,base_rate,12,0,2013-01-31,2013-12-31,0.029116276140085672,0.1870948355466124,,,0.0
12m_20pct,2013,delay,12,0,2013-01-31,2013-12-31,0.01758480745985323,0.14203977272382134,,,0.3960488842993406
12m_20pct,2013,diagram_kernel,12,0,2013-01-31,2013-12-31,0.0014521314946834413,0.038441907627649395,,,0.9501264692058533
12m_20pct,2013,inner_selector,12,0,2013-01-31,2013-12-31,0.00032072584259912725,0.011131482793711733,,,0.9889846544573202
12m_20pct,2013,landscape,12,0,2013-01-31,2013-12-31,0.006293152400750603,0.08026062881340618,,,0.783861357459564
12m_20pct,2013,market,12,0,2013-01-31,2013-12-31,0.009255294862501146,0.10059585994449825,,,0.6821264224184572
12m_20pct,2013,market_delay,12,0,2013-01-31,2013-12-31,0.009089467329105023,0.09960478244876354,,,0.6878217775730204
12m_20pct,2013,market_kernel,12,0,2013-01-31,2013-12-31,0.00032072584259912725,0.011131482793711733,,,0.9889846544573202
12m_20pct,2013,market_landscape,12,0,2013-01-31,2013-12-31,0.005623473161554392,0.07763500003118905,,,0.8068615253372904
12m_20pct,2013,raw_tda,12,0,2013-01-31,2013-12-31,0.005724869890301478,0.07742597956689785,,,0.8033790494787967
12m_20pct,2014,base_rate,12,0,2014-01-31,2014-12-31,0.026329654681381265,0.17705244411394272,,,0.0
12m_20pct,2014,delay,12,0,2014-01-31,2014-12-31,0.01465408727358368,0.12865706218931092,,,0.4434379238575369
12m_20pct,2014,diagram_kernel,12,0,2014-01-31,2014-12-31,0.002401283048663759,0.04377858289596089,,,0.908799295785607
12m_20pct,2014,inner_selector,12,0,2014-01-31,2014-12-31,0.0006714529161264447,0.020590015695403658,,,0.9744982255083939
12m_20pct,2014,landscape,12,0,2014-01-31,2014-12-31,0.0051751508553095045,0.0723590450873459,,,0.80344782649318
12m_20pct,2014,market,12,0,2014-01-31,2014-12-31,0.008380237488397821,0.09556622177586958,,,0.6817186708368106
12m_20pct,2014,market_delay,12,0,2014-01-31,2014-12-31,0.007919664783341412,0.09250815061240684,,,0.6992112171929957
12m_20pct,2014,market_kernel,12,0,2014-01-31,2014-12-31,0.0006714529161264447,0.020590015695403658,,,0.9744982255083939
12m_20pct,2014,market_landscape,12,0,2014-01-31,2014-12-31,0.005415636747418001,0.07605778161143541,,,0.794314174912153
12m_20pct,2014,raw_tda,12,0,2014-01-31,2014-12-31,0.006493887615771403,0.08252623890412895,,,0.7533622185951612
12m_20pct,2015,base_rate,12,0,2015-01-30,2015-12-31,0.024097798746236753,0.16869639082963706,,,0.0
12m_20pct,2015,delay,12,0,2015-01-30,2015-12-31,0.017441077455522185,0.1397872963289063,,,0.276237732782714
12m_20pct,2015,diagram_kernel,12,0,2015-01-30,2015-12-31,0.009002006553682872,0.08544237970799567,,,0.6264386366373536
12m_20pct,2015,inner_selector,12,0,2015-01-30,2015-12-31,0.008851741193902933,0.09659242690265536,,,0.6326742833602065
12m_20pct,2015,landscape,12,0,2015-01-30,2015-12-31,0.005857153882700823,0.07768160910742193,,,0.7569423687042988
12m_20pct,2015,market,12,0,2015-01-30,2015-12-31,0.015869961309517223,0.1309867024969171,,,0.34143522914118596
12m_20pct,2015,market_delay,12,0,2015-01-30,2015-12-31,0.015981903325717382,0.1310171688464913,,,0.33678990790753427
12m_20pct,2015,market_kernel,12,0,2015-01-30,2015-12-31,0.02335849215390705,0.1253181273424145,,,0.03067942429576309
12m_20pct,2015,market_landscape,12,0,2015-01-30,2015-12-31,0.009803931813711473,0.10178911248252477,,,0.5931606900301418
12m_20pct,2015,raw_tda,12,0,2015-01-30,2015-12-31,0.008851741193902933,0.09659242690265536,,,0.6326742833602065
12m_20pct,2016,base_rate,12,0,2016-01-29,2016-12-30,0.022138144897690417,0.16109515218006942,,,0.0
12m_20pct,2016,delay,12,0,2016-01-29,2016-12-30,0.017825386893779445,0.1346446815272394,,,0.19481117428050188
12m_20pct,2016,diagram_kernel,12,0,2016-01-29,2016-12-30,0.010512413146826582,0.09036115375648719,,,0.5251448034418051
12m_20pct,2016,inner_selector,12,0,2016-01-29,2016-12-30,0.00518158001444228,0.07047422849121188,,,0.7659433507916531
12m_20pct,2016,landscape,12,0,2016-01-29,2016-12-30,0.02202145377733475,0.14042320861549396,,,0.005271043300825173
12m_20pct,2016,market,12,0,2016-01-29,2016-12-30,0.014481475617726669,0.12193633078170568,,,0.3458586668100875
12m_20pct,2016,market_delay,12,0,2016-01-29,2016-12-30,0.010380222927191938,0.08874546184367159,,,0.5311159550557073
12m_20pct,2016,market_kernel,12,0,2016-01-29,2016-12-30,0.03552183351732611,0.1663698839275347,,,-0.6045533029749008
12m_20pct,2016,market_landscape,12,0,2016-01-29,2016-12-30,0.008734577927305148,0.09354317093026875,,,0.6054512260322051
12m_20pct,2016,raw_tda,12,0,2016-01-29,2016-12-30,0.00518158001444228,0.07047422849121188,,,0.7659433507916531
12m_20pct,2017,base_rate,12,0,2017-01-31,2017-12-29,0.020408163265306114,0.15415067982725825,,,0.0
12m_20pct,2017,delay,12,0,2017-01-31,2017-12-29,0.008254173228093001,0.09522844992847744,,,0.5955455118234427
12m_20pct,2017,diagram_kernel,12,0,2017-01-31,2017-12-29,0.0016306544593215754,0.03986620385513098,,,0.9200979314932428
12m_20pct,2017,inner_selector,12,0,2017-01-31,2017-12-29,0.0015259085449930302,0.03887222711722659,,,0.9252304812953415
12m_20pct,2017,landscape,12,0,2017-01-31,2017-12-29,0.0025882703416160164,0.047808015219879686,,,0.8731747532608152
12m_20pct,2017,market,12,0,2017-01-31,2017-12-29,0.0048918695800171256,0.0724089851242736,,,0.7602983905791607
12m_20pct,2017,market_delay,12,0,2017-01-31,2017-12-29,0.0015409952483151825,0.03804425421059083,,,0.9244912328325561
12m_20pct,2017,market_kernel,12,0,2017-01-31,2017-12-29,0.0002924814008121416,0.012455771451408552,,,0.9856684113602051
12m_20pct,2017,market_landscape,12,0,2017-01-31,2017-12-29,0.0008590661270270173,0.02911444274597273,,,0.9579057597756762
12m_20pct,2017,raw_tda,12,0,2017-01-31,2017-12-29,0.0015259085449930302,0.03887222711722659,,,0.9252304812953415
12m_20pct,2018,base_rate,12,0,2018-01-31,2018-12-31,0.018994493754109134,0.1482918082076432,,,0.0
12m_20pct,2018,delay,12,0,2018-01-31,2018-12-31,0.03368238877594293,0.1627033947145734,,,-0.7732712022744128
12m_20pct,2018,diagram_kernel,12,0,2018-01-31,2018-12-31,0.009826029930467096,0.08795044167094496,,,0.48269061246544664
12m_20pct,2018,inner_selector,12,0,2018-01-31,2018-12-31,0.016953454892234866,0.0968376284134509,,,0.10745423849123248
12m_20pct,2018,landscape,12,0,2018-01-31,2018-12-31,0.006842534182626025,0.0814647317723677,,,0.639762224189536
12m_20pct,2018,market,12,0,2018-01-31,2018-12-31,0.016459402212279074,0.10665763270904709,,,0.13346454897128468
12m_20pct,2018,market_delay,12,0,2018-01-31,2018-12-31,0.023284801737761596,0.1210705513082691,,,-0.22587114135244213
12m_20pct,2018,market_kernel,12,0,2018-01-31,2018-12-31,0.027801835467058205,0.13824712334805841,,,-0.46367867588172773
12m_20pct,2018,market_landscape,12,0,2018-01-31,2018-12-31,0.016953454892234866,0.0968376284134509,,,0.10745423849123248
12m_20pct,2018,raw_tda,12,0,2018-01-31,2018-12-31,0.004766498639422034,0.06871516680603122,,,0.7490589272277455
12m_20pct,2019,base_rate,12,9,2019-01-31,2019-12-31,0.5685394756896813,1.550254761688721,0.5,0.75,0.0
12m_20pct,2019,delay,12,9,2019-01-31,2019-12-31,0.6602848328515978,2.148380806806426,0.33333333333333337,0.683629950296617,-0.16137024970978908
12m_20pct,2019,diagram_kernel,12,9,2019-01-31,2019-12-31,0.6828486113784412,2.4010878932492568,0.11111111111111112,0.6081890331890332,-0.20105751768616287
12m_20pct,2019,inner_selector,12,9,2019-01-31,2019-12-31,0.7085758756682403,2.7726207597723884,0.03703703703703704,0.585966810966811,-0.24630901804783956
12m_20pct,2019,landscape,12,9,2019-01-31,2019-12-31,0.6543584193565388,2.1112730195404206,0.40740740740740744,0.8076599326599327,-0.1509463235824613
12m_20pct,2019,market,12,9,2019-01-31,2019-12-31,0.7058702214284128,2.6844286981892833,0.07407407407407408,0.5970779220779221,-0.24155006223998599
12m_20pct,2019,market_delay,12,9,2019-01-31,2019-12-31,0.7300699072562206,3.252985635640743,0.11111111111111112,0.6081890331890332,-0.28411471581738557
12m_20pct,2019,market_kernel,12,9,2019-01-31,2019-12-31,0.7032900788272837,3.605199462413372,0.0,0.5767075517075517,-0.23701186795189488
12m_20pct,2019,market_landscape,12,9,2019-01-31,2019-12-31,0.7085758756682403,2.7726207597723884,0.03703703703703704,0.585966810966811,-0.24630901804783956
12m_20pct,2019,raw_tda,12,9,2019-01-31,2019-12-31,0.6489972575284267,2.0311397228452646,0.14814814814814814,0.6267075517075518,-0.14151661455195175
12m_20pct,2020,base_rate,12,2,2020-01-31,2020-12-31,0.1404153715655974,0.4568997716212,0.5,0.16666666666666666,0.0
12m_20pct,2020,delay,12,2,2020-01-31,2020-12-31,0.20753342401394917,0.6830819328244765,0.19999999999999996,0.15555555555555556,-0.4779964736054303
12m_20pct,2020,diagram_kernel,12,2,2020-01-31,2020-12-31,0.18461150301060703,0.7638192325418931,0.0,0.12878787878787878,-0.314752800581827
12m_20pct,2020,inner_selector,12,2,2020-01-31,2020-12-31,0.42319023142006795,1.2476629350011168,0.04999999999999999,0.13333333333333333,-2.013845469349967
12m_20pct,2020,landscape,12,2,2020-01-31,2020-12-31,0.31092599956345923,1.0338164361191315,0.09999999999999998,0.14090909090909093,-1.2143302125451765
12m_20pct,2020,market,12,2,2020-01-31,2020-12-31,0.30825793734663093,0.9978549374432893,0.09999999999999998,0.1388888888888889,-1.1953290007328223
12m_20pct,2020,market_delay,12,2,2020-01-31,2020-12-31,0.33417206619193346,1.1265613540017896,0.09999999999999998,0.1388888888888889,-1.3798823623510432
12m_20pct,2020,market_kernel,12,2,2020-01-31,2020-12-31,0.1645832972378437,0.7177641447970888,0.15000000000000002,0.14583333333333331,-0.17211737862300813
12m_20pct,2020,market_landscape,12,2,2020-01-31,2020-12-31,0.27027758702726273,0.9723969330045557,0.09999999999999998,0.1388888888888889,-0.9248432989474944
12m_20pct,2020,raw_tda,12,2,2020-01-31,2020-12-31,0.42319023142006795,1.2476629350011168,0.04999999999999999,0.13333333333333333,-2.013845469349967
12m_20pct,2021,base_rate,12,3,2021-01-29,2021-12-31,0.1977015788047717,0.5969618884550457,0.5,0.25,0.0
12m_20pct,2021,delay,12,3,2021-01-29,2021-12-31,0.20855284816907926,0.6457334277762184,0.33333333333333337,0.2409090909090909,-0.05488711536807234
12m_20pct,2021,diagram_kernel,12,3,2021-01-29,2021-12-31,0.2235081034252339,0.6710652307650334,0.14814814814814814,0.19907407407407407,-0.13053271894174334
12m_20pct,2021,inner_selector,12,3,2021-01-29,2021-12-31,0.1977015788047717,0.5969618884550457,0.5,0.25,0.0
12m_20pct,2021,landscape,12,3,2021-01-29,2021-12-31,0.22626629101809004,0.6764743251815974,0.18518518518518517,0.20502645502645503,-0.14448398634957638
12m_20pct,2021,market,12,3,2021-01-29,2021-12-31,0.2139623985519745,0.6786469508694483,0.37037037037037035,0.2619047619047619,-0.08224931659883294
12m_20pct,2021,market_delay,12,3,2021-01-29,2021-12-31,0.21637043482621884,0.6932814319932324,0.18518518518518517,0.20555555555555557,-0.0944294736254101
12m_20pct,2021,market_kernel,12,3,2021-01-29,2021-12-31,0.23676168429012345,0.8863646594164356,0.18518518518518517,0.20664983164983164,-0.19757103469529302
12m_20pct,2021,market_landscape,12,3,2021-01-29,2021-12-31,0.21980517565914273,0.6962313851174059,0.11111111111111116,0.19461279461279463,-0.11180283429197146
12m_20pct,2021,raw_tda,12,3,2021-01-29,2021-12-31,0.2377923402999634,0.6953001454353638,0.14814814814814817,0.19761904761904764,-0.20278422528320283
12m_20pct,2022,base_rate,12,2,2022-01-31,2022-12-30,0.139180689732788,0.4516741609161709,0.5,0.16666666666666666,0.0
12m_20pct,2022,delay,12,2,2022-01-31,2022-12-30,0.14161054874566972,0.4590937040825281,0.55,0.35,-0.017458305584968636
12m_20pct,2022,diagram_kernel,12,2,2022-01-31,2022-12-30,0.1518235181276014,0.4877194628978072,0.0,0.12878787878787878,-0.09083751789911565
12m_20pct,2022,inner_selector,12,2,2022-01-31,2022-12-30,0.139180689732788,0.4516741609161709,0.5,0.16666666666666666,0.0
12m_20pct,2022,landscape,12,2,2022-01-31,2022-12-30,0.15061516106639464,0.4843005477865992,0.4,0.19444444444444442,-0.08215558749967111
12m_20pct,2022,market,12,2,2022-01-31,2022-12-30,0.17865787402780142,0.569026845774739,0.0,0.12878787878787878,-0.2836398093069188
12m_20pct,2022,market_delay,12,2,2022-01-31,2022-12-30,0.1755424364377968,0.5534479691274494,0.04999999999999999,0.13333333333333333,-0.26125568694061974
12m_20pct,2022,market_kernel,12,2,2022-01-31,2022-12-30,0.2695670648980803,0.7762083595337752,0.04999999999999999,0.13333333333333333,-0.936813687413248
12m_20pct,2022,market_landscape,12,2,2022-01-31,2022-12-30,0.18363317678940516,0.5794340175504231,0.04999999999999999,0.13333333333333333,-0.3193868857954445
12m_20pct,2022,raw_tda,12,2,2022-01-31,2022-12-30,0.14227446235832467,0.4597354577347896,0.45,0.20833333333333331,-0.022228461659993037
12m_20pct,2023,base_rate,12,0,2023-01-31,2023-12-29,0.022661579373337955,0.1631516406862344,,,0.0
12m_20pct,2023,delay,12,0,2023-01-31,2023-12-29,0.019365311049338134,0.14824698932553806,,,0.14545624864425744
12m_20pct,2023,diagram_kernel,12,0,2023-01-31,2023-12-29,0.033193842540271974,0.19847518751755056,,,-0.46476298025924656
12m_20pct,2023,inner_selector,12,0,2023-01-31,2023-12-29,0.022661579373337955,0.1631516406862344,,,0.0
12m_20pct,2023,landscape,12,0,2023-01-31,2023-12-29,0.02824826829370503,0.18116135401174885,,,-0.246526900368647
12m_20pct,2023,market,12,0,2023-01-31,2023-12-29,0.019404838279935093,0.14481793961202422,,,0.14371200875939472
12m_20pct,2023,market_delay,12,0,2023-01-31,2023-12-29,0.017646201595482382,0.13784934528259277,,,0.2213163387789432
12m_20pct,2023,market_kernel,12,0,2023-01-31,2023-12-29,0.046662683711397014,0.1800458170305251,,,-1.0591099562238409
12m_20pct,2023,market_landscape,12,0,2023-01-31,2023-12-29,0.023103309234024205,0.15822318050782533,,,-0.01949245696467039
12m_20pct,2023,raw_tda,12,0,2023-01-31,2023-12-29,0.02393736175915469,0.16505491229867678,,,-0.056297152321066024
12m_20pct,2024,base_rate,12,0,2024-01-31,2024-12-31,0.02360704210069445,0.1668173702579894,,,0.0
12m_20pct,2024,delay,12,0,2024-01-31,2024-12-31,0.01589645693349228,0.134234628927044,,,0.326622248323747
12m_20pct,2024,diagram_kernel,12,0,2024-01-31,2024-12-31,0.034335270471126965,0.20396784138325827,,,-0.4544503425999702
12m_20pct,2024,inner_selector,12,0,2024-01-31,2024-12-31,0.02360704210069445,0.1668173702579894,,,0.0
12m_20pct,2024,landscape,12,0,2024-01-31,2024-12-31,0.023885543077345348,0.16715277543958038,,,-0.011797368575993783
12m_20pct,2024,market,12,0,2024-01-31,2024-12-31,0.01098489979076901,0.11033767526121256,,,0.5346769940972035
12m_20pct,2024,market_delay,12,0,2024-01-31,2024-12-31,0.010349815151301104,0.10669511415518688,,,0.5615793326773182
12m_20pct,2024,market_kernel,12,0,2024-01-31,2024-12-31,0.007322451887491226,0.08399800635739675,,,0.6898191710652382
12m_20pct,2024,market_landscape,12,0,2024-01-31,2024-12-31,0.012292086469034276,0.11711729737270048,,,0.47930425096871077
12m_20pct,2024,raw_tda,12,0,2024-01-31,2024-12-31,0.0280151505888583,0.1827213774258926,,,-0.18672853927914068
12m_20pct,2025,base_rate,8,0,2025-01-31,2025-08-29,0.022086302178175102,0.16089038520417162,,,0.0
12m_20pct,2025,delay,8,0,2025-01-31,2025-08-29,0.02293682890775704,0.16177718397140955,,,-0.03850924082811824
12m_20pct,2025,diagram_kernel,8,0,2025-01-31,2025-08-29,0.02858932568308411,0.1838423865795133,,,-0.2944369524806676
12m_20pct,2025,inner_selector,8,0,2025-01-31,2025-08-29,0.022086302178175102,0.16089038520417162,,,0.0
12m_20pct,2025,landscape,8,0,2025-01-31,2025-08-29,0.019065542023788955,0.14304006529826319,,,0.13677075184505783
12m_20pct,2025,market,8,0,2025-01-31,2025-08-29,0.021726622576434606,0.1530747664018362,,,0.016285188839620157
12m_20pct,2025,market_delay,8,0,2025-01-31,2025-08-29,0.023966477802107873,0.16145823687407143,,,-0.0851285837151452
12m_20pct,2025,market_kernel,8,0,2025-01-31,2025-08-29,0.026035293636546962,0.16982117436113003,,,-0.1787982173980267
12m_20pct,2025,market_landscape,8,0,2025-01-31,2025-08-29,0.017384391663915193,0.1339359843683715,,,0.21288808222981614
12m_20pct,2025,raw_tda,8,0,2025-01-31,2025-08-29,0.022731885826049528,0.16205982074583258,,,-0.029230046870968307
6m_15pct,all,base_rate,278,34,2003-01-31,2026-02-27,0.10990544912973683,0.383630111419395,0.2569913211186114,0.08797287610713601,0.0
6m_15pct,all,delay,278,34,2003-01-31,2026-02-27,0.12408883634293327,0.4269596624945495,0.42249276759884286,0.11161139756442415,-0.12905080981429595
6m_15pct,all,diagram_kernel,278,34,2003-01-31,2026-02-27,0.11016380329628535,0.3928937058396996,0.523023143683703,0.147488875144761,-0.0023506947889684326
6m_15pct,all,inner_selector,278,34,2003-01-31,2026-02-27,0.11205550318144576,0.4041152879444658,0.47697685631629705,0.1853398336342539,-0.019562761161832087
6m_15pct,all,landscape,278,34,2003-01-31,2026-02-27,0.11953067827980496,0.4311457540613934,0.40441176470588236,0.09992530101300104,-0.08757736059752697
6m_15pct,all,market,278,34,2003-01-31,2026-02-27,0.11450643367824061,0.3998776461034123,0.47299903567984564,0.16103721165544505,-0.04186311584125901
6m_15pct,all,market_delay,278,34,2003-01-31,2026-02-27,0.12357495079867047,0.43394135758029345,0.48276277724204436,0.14890586222720084,-0.1243751040296246
6m_15pct,all,market_kernel,278,34,2003-01-31,2026-02-27,0.11956408360840283,0.47684596013580827,0.4802314368370299,0.15651502442664766,-0.08788130666082394
6m_15pct,all,market_landscape,278,34,2003-01-31,2026-02-27,0.1163322703672598,0.41705519091430476,0.4613066538090646,0.1654779662110258,-0.05847591077978742
6m_15pct,all,raw_tda,278,34,2003-01-31,2026-02-27,0.11233578851332428,0.40304551161194174,0.48939247830279653,0.1658415961911408,-0.022113001701294932
6m_15pct,post2017,base_rate,110,17,2017-01-31,2026-02-27,0.13260830751598363,0.4393310456661699,0.34503478810879185,0.12135999604840277,0.0
6m_15pct,post2017,delay,110,17,2017-01-31,2026-02-27,0.13953561032754766,0.48403324700088307,0.3567362428842505,0.12732297511232885,-0.05223882983899086
6m_15pct,post2017,diagram_kernel,110,17,2017-01-31,2026-02-27,0.14238796299423298,0.5084185327800115,0.31309297912713474,0.11689709435103655,-0.07374843749567184
6m_15pct,post2017,inner_selector,110,17,2017-01-31,2026-02-27,0.1563058731558475,0.5631025600887147,0.25363693864642634,0.10645030394595818,-0.1787034770578575
6m_15pct,post2017,landscape,110,17,2017-01-31,2026-02-27,0.15216250672476397,0.5505745204219928,0.31752055660974066,0.11438315259449182,-0.1474583272727723
6m_15pct,post2017,market,110,17,2017-01-31,2026-02-27,0.15120314065111076,0.5241418002857295,0.32953826691967103,0.11847733871250545,-0.14022374226355194
6m_15pct,post2017,market_delay,110,17,2017-01-31,2026-02-27,0.1442532750013979,0.4910941848184818,0.36116382036685646,0.12357258099687654,-0.08781476593395676
6m_15pct,post2017,market_kernel,110,17,2017-01-31,2026-02-27,0.15390159788326907,0.5521810904677388,0.30487033523086654,0.11193573314327104,-0.16057282357456315
6m_15pct,post2017,market_landscape,110,17,2017-01-31,2026-02-27,0.15056274479268397,0.5493993863345283,0.31182795698924737,0.1137707454844421,-0.1353945134586403
6m_15pct,post2017,raw_tda,110,17,2017-01-31,2026-02-27,0.15393330120952942,0.5179199972231191,0.3396584440227704,0.12133263569381289,-0.160811898537921
6m_15pct,2003-2006,base_rate,48,0,2003-01-31,2006-12-29,0.016085946815604706,0.13533278287838527,,,0.0
6m_15pct,2003-2006,delay,48,0,2003-01-31,2006-12-29,0.08398446452114179,0.3120875889509754,,,-4.220983600397701
6m_15pct,2003-2006,diagram_kernel,48,0,2003-01-31,2006-12-29,0.008430110320260012,0.06864352184760812,,,0.47593322190509146
6m_15pct,2003-2006,inner_selector,48,0,2003-01-31,2006-12-29,0.006717852596158386,0.06593542602641701,,,0.5823775452470407
6m_15pct,2003-2006,landscape,48,0,2003-01-31,2006-12-29,0.04195417081718252,0.21014714247760324,,,-1.6081256700714373
6m_15pct,2003-2006,market,48,0,2003-01-31,2006-12-29,0.045345201996494576,0.18389871158007845,,,-1.818932731550869
6m_15pct,2003-2006,market_delay,48,0,2003-01-31,2006-12-29,0.08591452208019458,0.3876963043508855,,,-4.340967682228711
6m_15pct,2003-2006,market_kernel,48,0,2003-01-31,2006-12-29,0.02900565522120346,0.10415706284796673,,,-0.8031674202146164
6m_15pct,2003-2006,market_landscape,48,0,2003-01-31,2006-12-29,0.06300467141734849,0.242192604961903,,,-2.916752438608632
6m_15pct,2003-2006,raw_tda,48,0,2003-01-31,2006-12-29,0.008233820403264569,0.0907077578662634,,,0.4881357934568652
6m_15pct,2007-2011,base_rate,60,17,2007-01-31,2011-12-30,0.2343503142949156,0.7161784006260873,0.25376196990424077,0.2406862745098039,0.0
6m_15pct,2007-2011,delay,60,17,2007-01-31,2011-12-30,0.23825130822640103,0.7177613150725235,0.4062927496580027,0.24589175071480301,-0.016645994024895083
6m_15pct,2007-2011,diagram_kernel,60,17,2007-01-31,2011-12-30,0.23655428137264814,0.7566261624615079,0.5102599179206566,0.2952999380550498,-0.009404583409088119
6m_15pct,2007-2011,inner_selector,60,17,2007-01-31,2011-12-30,0.21887699232906552,0.6947709222302314,0.5417236662106704,0.4171782914700273,0.06602646133590351
6m_15pct,2007-2011,landscape,60,17,2007-01-31,2011-12-30,0.233072584034017,0.7330158924016711,0.5157318741450068,0.3688354856412278,0.005452223372274356
6m_15pct,2007-2011,market,60,17,2007-01-31,2011-12-30,0.20650256416946353,0.638553159148125,0.5745554035567715,0.475507401735308,0.1188295830079723
6m_15pct,2007-2011,market_delay,60,17,2007-01-31,2011-12-30,0.22843055266630066,0.6924047176866782,0.5485636114911081,0.3585089469167503,0.02526031017464425
6m_15pct,2007-2011,market_kernel,60,17,2007-01-31,2011-12-30,0.2304291542989875,0.9947731104530522,0.4870041039671683,0.38541895988601305,0.016732044963223558
6m_15pct,2007-2011,market_landscape,60,17,2007-01-31,2011-12-30,0.20423453494141378,0.6388461870910693,0.5827633378932968,0.48653279321788834,0.128507527050307
6m_15pct,2007-2011,raw_tda,60,17,2007-01-31,2011-12-30,0.22323988540772774,0.7505730722782432,0.5376196990424077,0.45755540170399045,0.04740949002187411
6m_15pct,2012-2016,base_rate,60,0,2012-01-31,2016-12-30,0.01889427877441131,0.14760130559308995,,,0.0
6m_15pct,2012-2016,delay,60,0,2012-01-31,2016-12-30,0.013690776278438902,0.1234207638231565,,,0.27540095909982854
6m_15pct,2012-2016,diagram_kernel,60,0,2012-01-31,2016-12-30,0.006082653487838852,0.076765880354326,,,0.6780690302888595
6m_15pct,2012-2016,inner_selector,60,0,2012-01-31,2016-12-30,0.00837845621565251,0.09252687759534982,,,0.5565612048129867
6m_15pct,2012-2016,landscape,60,0,2012-01-31,2016-12-30,0.008224959679932661,0.08712176666038213,,,0.5646851738489327
6m_15pct,2012-2016,market,60,0,2012-01-31,2016-12-30,0.010561992415485857,0.1061676646764518,,,0.4409952059249779
6m_15pct,2012-2016,market_delay,60,0,2012-01-31,2016-12-30,0.01093743086748738,0.1076938567874232,,,0.42112472256416367
6m_15pct,2012-2016,market_kernel,60,0,2012-01-31,2016-12-30,0.01819364612365619,0.11895552204029859,,,0.03708173564708872
6m_15pct,2012-2016,market_landscape,60,0,2012-01-31,2016-12-30,0.008336215173090505,0.09252323856238506,,,0.5587968573650816
6m_15pct,2012-2016,raw_tda,60,0,2012-01-31,2016-12-30,0.008451159497259221,0.09478493032169116,,,0.55271330553751
6m_15pct,2017-2020,base_rate,48,9,2017-01-31,2020-12-31,0.1581713670155951,0.507589050792009,0.2777777777777778,0.14814814814814814,0.0
6m_15pct,2017-2020,delay,48,9,2017-01-31,2020-12-31,0.17421444795020377,0.6118312786905035,0.24786324786324787,0.13497881765179565,-0.10142847746284511
6m_15pct,2017-2020,diagram_kernel,48,9,2017-01-31,2020-12-31,0.17839951021209033,0.6567472908425316,0.1737891737891738,0.12434804156021514,-0.127887515788498
6m_15pct,2017-2020,inner_selector,48,9,2017-01-31,2020-12-31,0.21247828827361678,0.7912321046770078,0.11680911680911682,0.12130880145284115,-0.34334230197724236
6m_15pct,2017-2020,landscape,48,9,2017-01-31,2020-12-31,0.19638741561058082,0.735750545470618,0.2535612535612536,0.13623996810840888,-0.24161167293456964
6m_15pct,2017-2020,market,48,9,2017-01-31,2020-12-31,0.1941383265070522,0.6786840456072539,0.15384615384615385,0.12238090363354015,-0.22739235406564395
6m_15pct,2017-2020,market_delay,48,9,2017-01-31,2020-12-31,0.17802884455830112,0.6026552909279949,0.27920227920227914,0.14163491054145522,-0.1255440723398955
6m_15pct,2017-2020,market_kernel,48,9,2017-01-31,2020-12-31,0.18138553955763856,0.6836919168170796,0.301994301994302,0.14400899115030463,-0.1467659601105593
6m_15pct,2017-2020,market_landscape,48,9,2017-01-31,2020-12-31,0.18876003393964877,0.714808437684959,0.2962962962962963,0.1429755595489078,-0.19338940733209786
6m_15pct,2017-2020,raw_tda,48,9,2017-01-31,2020-12-31,0.2031203923346817,0.6761749447831882,0.17663817663817666,0.12506402405162845,-0.2841792807838275
6m_15pct,2021-2026,base_rate,62,8,2021-01-29,2026-02-27,0.11281755177434892,0.38648613847197194,0.3148148148148148,0.10180259892908448,0.0
6m_15pct,2021-2026,delay,62,8,2021-01-29,2026-02-27,0.11268747797452364,0.3850928353702092,0.5555555555555556,0.1773955722639933,0.0011529571221812196
6m_15pct,2021-2026,diagram_kernel,62,8,2021-01-29,2026-02-27,0.11450805547073051,0.3935833652477378,0.4513888888888889,0.1292467044647311,-0.014984403311311345
6m_15pct,2021-2026,inner_selector,62,8,2021-01-29,2026-02-27,0.11281755177434892,0.38648613847197194,0.3148148148148148,0.10180259892908448,0.0
6m_15pct,2021-2026,landscape,62,8,2021-01-29,2026-02-27,0.11792386758735739,0.40721243651337985,0.40046296296296297,0.11771340702762959,-0.04526171444689586
6m_15pct,2021-2026,market,62,8,2021-01-29,2026-02-27,0.11796299676264001,0.4044961910045495,0.5162037037037037,0.14033421246366293,-0.04560855033073841
6m_15pct,2021-2026,market_delay,62,8,2021-01-29,2026-02-27,0.11810444695734379,0.40472429621756845,0.5069444444444444,0.14226694736891893,-0.04686234632683228
6m_15pct,2021-2026,market_kernel,62,8,2021-01-29,2026-02-27,0.13262370755472502,0.45036625716502343,0.40046296296296297,0.11519790394790394,-0.1755591702609467
6m_15pct,2021-2026,market_landscape,62,8,2021-01-29,2026-02-27,0.12099064996922738,0.4213407659341946,0.3680555555555556,0.11474435559237076,-0.07244527173596027
6m_15pct,2021-2026,raw_tda,62,8,2021-01-29,2026-02-27,0.11585297259650826,0.39540003782177535,0.5439814814814815,0.145186537999038,-0.02690557253210568
6m_15pct,2003,base_rate,12,0,2003-01-31,2003-12-31,0.01868433310905233,0.14698219034864585,,,0.0
6m_15pct,2003,delay,12,0,2003-01-31,2003-12-31,0.30050210524680504,0.9058405219463311,,,-15.083105749234125
6m_15pct,2003,diagram_kernel,12,0,2003-01-31,2003-12-31,0.027794398881946708,0.15695501251155866,,,-0.4875777861442998
6m_15pct,2003,inner_selector,12,0,2003-01-31,2003-12-31,0.01868433310905233,0.14698219034864585,,,0.0
6m_15pct,2003,landscape,12,0,2003-01-31,2003-12-31,0.08846389091320761,0.3458332997124473,,,-3.7346560563271023
6m_15pct,2003,market,12,0,2003-01-31,2003-12-31,0.15287677392344898,0.43084929536266864,,,-7.182083515166086
6m_15pct,2003,market_delay,12,0,2003-01-31,2003-12-31,0.3188760057300735,1.2684466794051403,,,-16.066491154323405
6m_15pct,2003,market_kernel,12,0,2003-01-31,2003-12-31,0.10910437391236148,0.32168479452914206,,,-4.839350715680708
6m_15pct,2003,market_landscape,12,0,2003-01-31,2003-12-31,0.22207594892331714,0.6608697232681299,,,-10.885677033649333
6m_15pct,2003,raw_tda,12,0,2003-01-31,2003-12-31,0.011007678843921183,0.11043308125904372,,,0.41086049046149276
6m_15pct,2004,base_rate,12,0,2004-01-30,2004-12-31,0.01754309021534144,0.14208251361377283,,,0.0
6m_15pct,2004,delay,12,0,2004-01-30,2004-12-31,0.015080061879491262,0.13059050187436222,,,0.14039877271429968
6m_15pct,2004,diagram_kernel,12,0,2004-01-30,2004-12-31,0.0046407145113348406,0.0671050454359058,,,0.7354676710676359
6m_15pct,2004,inner_selector,12,0,2004-01-30,2004-12-31,0.001463457092609828,0.027105395652587762,,,0.9165792870785083
6m_15pct,2004,landscape,12,0,2004-01-30,2004-12-31,0.0555911663597366,0.2654605235949077,,,-2.168835460420884
6m_15pct,2004,market,12,0,2004-01-30,2004-12-31,0.011468141460586835,0.11277872579778002,,,0.3462872663928992
6m_15pct,2004,market_delay,12,0,2004-01-30,2004-12-31,0.010544642654079278,0.10775562821795026,,,0.3989290071108462
6m_15pct,2004,market_kernel,12,0,2004-01-30,2004-12-31,0.001463457092609828,0.027105395652587762,,,0.9165792870785083
6m_15pct,2004,market_landscape,12,0,2004-01-30,2004-12-31,0.014713975814813887,0.1284321738968481,,,0.16126659361607176
6m_15pct,2004,raw_tda,12,0,2004-01-30,2004-12-31,0.014769470639957287,0.12940231546750844,,,0.15810324984583513
6m_15pct,2005,base_rate,12,0,2005-01-31,2005-12-30,0.015055139448229136,0.13090557054685498,,,0.0
6m_15pct,2005,delay,12,0,2005-01-31,2005-12-30,0.011267060844372519,0.11206150234415026,,,0.25161365106466627
6m_15pct,2005,diagram_kernel,12,0,2005-01-31,2005-12-30,0.0005476158864658636,0.023434321423835214,,,0.9636259837812212
6m_15pct,2005,inner_selector,12,0,2005-01-31,2005-12-30,0.0038263936402272423,0.06368251276172121,,,0.745841368432006
6m_15pct,2005,landscape,12,0,2005-01-31,2005-12-30,0.01424018453492031,0.1269462974325227,,,0.05413134272925546
6m_15pct,2005,market,12,0,2005-01-31,2005-12-30,0.009691284830153074,0.10330589446976218,,,0.3562806333691573
6m_15pct,2005,market_delay,12,0,2005-01-31,2005-12-30,0.008242393605685098,0.09480539346286665,,,0.45251961072638147
6m_15pct,2005,market_kernel,12,0,2005-01-31,2005-12-30,0.002557563337098358,0.04186645586742374,,,0.8301202492415842
6m_15pct,2005,market_landscape,12,0,2005-01-31,2005-12-30,0.009407721828993262,0.10165851383852569,,,0.3751155968136949
6m_15pct,2005,raw_tda,12,0,2005-01-31,2005-12-30,0.0038263936402272423,0.06368251276172121,,,0.745841368432006
6m_15pct,2006,base_rate,12,0,2006-01-31,2006-12-29,0.013061224489795922,0.12136085700426748,,,0.0
6m_15pct,2006,delay,12,0,2006-01-31,2006-12-29,0.00908863011389841,0.09985782963905776,,,0.30415175690465324
6m_15pct,2006,diagram_kernel,12,0,2006-01-31,2006-12-29,0.0007377120012926345,0.027079708019132842,,,0.9435189249010327
6m_15pct,2006,inner_selector,12,0,2006-01-31,2006-12-29,0.002897226542744142,0.025971605342713325,,,0.7781810928211517
6m_15pct,2006,landscape,12,0,2006-01-31,2006-12-29,0.009521441460865592,0.10234844917053537,,,0.2710146381524783
6m_15pct,2006,market,12,0,2006-01-31,2006-12-29,0.007344607771789406,0.08866093069010295,,,0.4376784674723737
6m_15pct,2006,market_delay,12,0,2006-01-31,2006-12-29,0.005995046330940466,0.07977751631758495,,,0.5410042652873707
6m_15pct,2006,market_kernel,12,0,2006-01-31,2006-12-29,0.002897226542744142,0.025971605342713325,,,0.7781810928211517
6m_15pct,2006,market_landscape,12,0,2006-01-31,2006-12-29,0.005821039102269652,0.07781000884410834,,,0.5543266937324799
6m_15pct,2006,raw_tda,12,0,2006-01-31,2006-12-29,0.0033317384889525645,0.05931312197678019,,,0.7449137719395693
6m_15pct,2007,base_rate,12,2,2007-01-31,2007-12-31,0.14245474563184538,0.46682506091495884,0.5,0.16666666666666666,0.0
6m_15pct,2007,delay,12,2,2007-01-31,2007-12-31,0.14296986050990745,0.4689177257990486,0.7,0.3333333333333333,-0.0036159895956946464
6m_15pct,2007,diagram_kernel,12,2,2007-01-31,2007-12-31,0.15482500829254436,0.5664959781229902,0.65,0.30952380952380953,-0.08683643781631689
6m_15pct,2007,inner_selector,12,2,2007-01-31,2007-12-31,0.15482500829254436,0.5664959781229902,0.65,0.30952380952380953,-0.08683643781631689
6m_15pct,2007,landscape,12,2,2007-01-31,2007-12-31,0.1429813128009004,0.4685156212828188,0.7,0.325,-0.0036963820806354963
6m_15pct,2007,market,12,2,2007-01-31,2007-12-31,0.14577050509291126,0.48424514704726146,0.6,0.26666666666666666,-0.02327587927210928
6m_15pct,2007,market_delay,12,2,2007-01-31,2007-12-31,0.14829374867174838,0.5025620046864773,0.7,0.3333333333333333,-0.04098847682472506
6m_15pct,2007,market_kernel,12,2,2007-01-31,2007-12-31,0.16084876043137766,0.6233839176359868,0.30000000000000004,0.1736111111111111,-0.1291218114071755
6m_15pct,2007,market_landscape,12,2,2007-01-31,2007-12-31,0.14670229452036507,0.48992764228485614,0.6,0.26666666666666666,-0.029816829686368562
6m_15pct,2007,raw_tda,12,2,2007-01-31,2007-12-31,0.15469408948357208,0.5677981187575978,0.55,0.25,-0.08591741747486314
6m_15pct,2008,base_rate,12,9,2008-01-31,2008-12-31,0.6093469861872175,1.74965916809881,0.5,0.75,0.0
6m_15pct,2008,delay,12,9,2008-01-31,2008-12-31,0.5185133952949961,1.426344182449953,0.3333333333333333,0.7822631072631074,0.14906710454183403
6m_15pct,2008,diagram_kernel,12,9,2008-01-31,2008-12-31,0.5348728972077218,1.4293634282644085,0.7407407407407407,0.9253086419753087,0.12221950820745353
6m_15pct,2008,inner_selector,12,9,2008-01-31,2008-12-31,0.4636910038505753,1.2580654214278273,0.2592592592592593,0.7174482924482926,0.23903619060797388
6m_15pct,2008,landscape,12,9,2008-01-31,2008-12-31,0.5653959563558327,1.562820171832658,0.8148148148148149,0.9282627865961202,0.07212808273065152
6m_15pct,2008,market,12,9,2008-01-31,2008-12-31,0.37225686340164055,1.0078721332314882,0.7407407407407407,0.9202380952380953,0.3890888576787557
6m_15pct,2008,market_delay,12,9,2008-01-31,2008-12-31,0.36855454979265784,1.0172495204174383,0.5555555555555556,0.8577040243706913,0.39516472855841434
6m_15pct,2008,market_kernel,12,9,2008-01-31,2008-12-31,0.4636910038505753,1.2580654214278273,0.2592592592592593,0.7174482924482926,0.23903619060797388
6m_15pct,2008,market_landscape,12,9,2008-01-31,2008-12-31,0.36636980943758063,0.991351682295624,0.8148148148148149,0.9500000000000002,0.3987501083249534
6m_15pct,2008,raw_tda,12,9,2008-01-31,2008-12-31,0.512167535064353,1.3957481455587561,1.0,1.0000000000000002,0.15948130264979576
6m_15pct,2009,base_rate,12,1,2009-01-30,2009-12-31,0.07762441694181772,0.2933506971666153,0.5,0.08333333333333333,0.0
6m_15pct,2009,delay,12,1,2009-01-30,2009-12-31,0.13875483007219042,0.45150964344211914,0.36363636363636365,0.125,-0.7875152630929534
6m_15pct,2009,diagram_kernel,12,1,2009-01-30,2009-12-31,0.08761199642640245,0.3143455620252452,0.5454545454545454,0.16666666666666666,-0.12866543644470507
6m_15pct,2009,inner_selector,12,1,2009-01-30,2009-12-31,0.08602348940232774,0.3204556947168932,0.36363636363636365,0.125,-0.10820142413186074
6m_15pct,2009,landscape,12,1,2009-01-30,2009-12-31,0.0743212677800123,0.2787572720601781,0.9090909090909091,0.5,0.042552965831373024
6m_15pct,2009,market,12,1,2009-01-30,2009-12-31,0.1257961942807414,0.40292225737305093,1.0,1.0,-0.6205750617750874
6m_15pct,2009,market_delay,12,1,2009-01-30,2009-12-31,0.23002214986243086,0.6324928353310554,0.5454545454545454,0.16666666666666666,-1.9632705651733358
6m_15pct,2009,market_kernel,12,1,2009-01-30,2009-12-31,0.08602348940232774,0.3204556947168932,0.36363636363636365,0.125,-0.10820142413186074
6m_15pct,2009,market_landscape,12,1,2009-01-30,2009-12-31,0.11825511064924325,0.38411409399142066,1.0,1.0,-0.5234267168522462
6m_15pct,2009,raw_tda,12,1,2009-01-30,2009-12-31,0.04549503086640724,0.2042963304806166,1.0,1.0,0.4139082435813025
6m_15pct,2010,base_rate,12,0,2010-01-29,2010-12-31,0.0205916065072694,0.15489834341348888,,,0.0
6m_15pct,2010,delay,12,0,2010-01-29,2010-12-31,0.01966890193845217,0.14774691003824567,,,0.044809741701867134
6m_15pct,2010,diagram_kernel,12,0,2010-01-29,2010-12-31,0.009913518652606262,0.09959391310888188,,,0.5185650692622492
6m_15pct,2010,inner_selector,12,0,2010-01-29,2010-12-31,0.01371538196694302,0.11784512952140817,,,0.3339333693026275
6m_15pct,2010,landscape,12,0,2010-01-29,2010-12-31,0.012407871871737313,0.11466294914649645,,,0.39743060516638196
6m_15pct,2010,market,12,0,2010-01-29,2010-12-31,0.017248067467907923,0.13259130815387588,,,0.16237387977383477
6m_15pct,2010,market_delay,12,0,2010-01-29,2010-12-31,0.019327156049985857,0.13808766185210505,,,0.061406110146731696
6m_15pct,2010,market_kernel,12,0,2010-01-29,2010-12-31,0.03643498037567077,0.17401309440751359,,,-0.7694093155290351
6m_15pct,2010,market_landscape,12,0,2010-01-29,2010-12-31,0.01371538196694302,0.11784512952140817,,,0.3339333693026275
6m_15pct,2010,raw_tda,12,0,2010-01-29,2010-12-31,0.01143993539459927,0.10954214089755482,,,0.44443696558786416
6m_15pct,2011,base_rate,12,5,2011-01-31,2011-12-30,0.3217338162064282,0.9161587335365633,0.5,0.4166666666666667,0.0
6m_15pct,2011,delay,12,5,2011-01-31,2011-12-30,0.371349553316459,1.0942881136332514,0.1428571428571429,0.3161471861471861,-0.15421362197810362
6m_15pct,2011,diagram_kernel,12,5,2011-01-31,2011-12-30,0.3955479862839659,1.3733319307860132,0.1142857142857143,0.30606060606060603,-0.2294262099889981
6m_15pct,2011,inner_selector,12,5,2011-01-31,2011-12-30,0.3761300781329371,1.210992387362038,0.11428571428571432,0.30857142857142855,-0.16907225534417436
6m_15pct,2011,landscape,12,5,2011-01-31,2011-12-30,0.37025651136160237,1.240323447686204,0.2857142857142857,0.3519408369408369,-0.15081627330103653
6m_15pct,2011,market,12,5,2011-01-31,2011-12-30,0.37144119060411646,1.1651349499349493,0.08571428571428574,0.3012987012987013,-0.1544984452793592
6m_15pct,2011,market_delay,12,5,2011-01-31,2011-12-30,0.3759551589546805,1.1716315661463146,0.11428571428571432,0.30857142857142855,-0.16852857864795667
6m_15pct,2011,market_kernel,12,5,2011-01-31,2011-12-30,0.405147537434986,2.5979474240770397,0.30000000000000004,0.35571428571428565,-0.2592631455782024
6m_15pct,2011,market_landscape,12,5,2011-01-31,2011-12-30,0.3761300781329371,1.210992387362038,0.11428571428571432,0.30857142857142855,-0.16907225534417436
6m_15pct,2011,raw_tda,12,5,2011-01-31,2011-12-30,0.39240283622970723,1.475480625696691,0.05714285714285716,0.29463203463203463,-0.21965058213817645
6m_15pct,2012,base_rate,12,0,2012-01-31,2012-12-31,0.02243931223262141,0.1622808059105085,,,0.0
6m_15pct,2012,delay,12,0,2012-01-31,2012-12-31,0.015686736646113014,0.1330607468793043,,,0.30092613875623886
6m_15pct,2012,diagram_kernel,12,0,2012-01-31,2012-12-31,0.006880680500188748,0.0820708718337607,,,0.6933649111497331
6m_15pct,2012,inner_selector,12,0,2012-01-31,2012-12-31,0.012160885228125829,0.11448563955711671,,,0.458054458084201
6m_15pct,2012,landscape,12,0,2012-01-31,2012-12-31,0.012927156089426413,0.10754334668995057,,,0.4239058686195645
6m_15pct,2012,market,12,0,2012-01-31,2012-12-31,0.013970682922461715,0.12433294451238569,,,0.37740146499892846
6m_15pct,2012,market_delay,12,0,2012-01-31,2012-12-31,0.013508543849116317,0.12150331122040037,,,0.39799652907908145
6m_15pct,2012,market_kernel,12,0,2012-01-31,2012-12-31,0.01073647712413174,0.08494813072291486,,,0.5215327006090916
6m_15pct,2012,market_landscape,12,0,2012-01-31,2012-12-31,0.012160885228125829,0.11448563955711671,,,0.458054458084201
6m_15pct,2012,raw_tda,12,0,2012-01-31,2012-12-31,0.010708446879694501,0.10748517976851663,,,0.522781858522073
6m_15pct,2013,base_rate,12,0,2013-01-31,2013-12-31,0.020566672675920928,0.15479688340386463,,,0.0
6m_15pct,2013,delay,12,0,2013-01-31,2013-12-31,0.01296795450428423,0.12056106726320537,,,0.3694675503117787
6m_15pct,2013,diagram_kernel,12,0,2013-01-31,2013-12-31,0.00430891567101471,0.06752278653945937,,,0.7904903851530877
6m_15pct,2013,inner_selector,12,0,2013-01-31,2013-12-31,0.005720048286539456,0.07812896188943533,,,0.7218777982869158
6m_15pct,2013,landscape,12,0,2013-01-31,2013-12-31,0.0033357145453679266,0.05639570498082893,,,0.8378097129307008
6m_15pct,2013,market,12,0,2013-01-31,2013-12-31,0.008104089877345934,0.09399971443140918,,,0.6059600886810412
6m_15pct,2013,market_delay,12,0,2013-01-31,2013-12-31,0.007732627774087549,0.09138935144418397,,,0.6240214498507207
6m_15pct,2013,market_kernel,12,0,2013-01-31,2013-12-31,0.03155755984710974,0.14936464196018528,,,-0.5344027857290079
6m_15pct,2013,market_landscape,12,0,2013-01-31,2013-12-31,0.005720048286539456,0.07812896188943533,,,0.7218777982869158
6m_15pct,2013,raw_tda,12,0,2013-01-31,2013-12-31,0.006149915800214908,0.0809597453410075,,,0.7009766286884551
6m_15pct,2014,base_rate,12,0,2014-01-31,2014-12-31,0.01864081371441021,0.14679770552199953,,,0.0
6m_15pct,2014,delay,12,0,2014-01-31,2014-12-31,0.01339812905520111,0.12226611758374013,,,0.28124762896784183
6m_15pct,2014,diagram_kernel,12,0,2014-01-31,2014-12-31,0.004902868148524343,0.06814476329702443,,,0.7369820747291627
6m_15pct,2014,inner_selector,12,0,2014-01-31,2014-12-31,0.006679228960267243,0.08482947610414265,,,0.6416879079101633
6m_15pct,2014,landscape,12,0,2014-01-31,2014-12-31,0.007529809161538944,0.08647947120507667,,,0.5960579148045424
6m_15pct,2014,market,12,0,2014-01-31,2014-12-31,0.007519818309913967,0.09053271284717322,,,0.596593881301394
6m_15pct,2014,market_delay,12,0,2014-01-31,2014-12-31,0.008653175825098681,0.09676362079421885,,,0.535794093666127
6m_15pct,2014,market_kernel,12,0,2014-01-31,2014-12-31,0.024268979389048973,0.15142437300419398,,,-0.30192703821120914
6m_15pct,2014,market_landscape,12,0,2014-01-31,2014-12-31,0.006679228960267243,0.08482947610414265,,,0.6416879079101633
6m_15pct,2014,raw_tda,12,0,2014-01-31,2014-12-31,0.007355601934173853,0.0875884560871611,,,0.6054033881317299
6m_15pct,2015,base_rate,12,0,2015-01-30,2015-12-31,0.0170934834996067,0.14011536171087485,,,0.0
6m_15pct,2015,delay,12,0,2015-01-30,2015-12-31,0.013134736738624392,0.12029005414638112,,,0.231593914784742
6m_15pct,2015,diagram_kernel,12,0,2015-01-30,2015-12-31,0.007045567068279271,0.08389530866995175,,,0.587821460240016
6m_15pct,2015,inner_selector,12,0,2015-01-30,2015-12-31,0.009118660122896588,0.09328123927094863,,,0.466541730765037
6m_15pct,2015,landscape,12,0,2015-01-30,2015-12-31,0.009118660122896588,0.09328123927094863,,,0.466541730765037
6m_15pct,2015,market,12,0,2015-01-30,2015-12-31,0.01211617364134345,0.11425944466152999,,,0.29118171602516074
6m_15pct,2015,market_delay,12,0,2015-01-30,2015-12-31,0.013266933692404155,0.1174971956807323,,,0.22386015157709593
6m_15pct,2015,market_kernel,12,0,2015-01-30,2015-12-31,0.009567916514684234,0.09237775894845067,,,0.4402594114356866
6m_15pct,2015,market_landscape,12,0,2015-01-30,2015-12-31,0.009418055176582249,0.10091430587855722,,,0.4490265733840064
6m_15pct,2015,raw_tda,12,0,2015-01-30,2015-12-31,0.009001851671899144,0.0984971597547476,,,0.47337523845819574
6m_15pct,2016,base_rate,12,0,2016-01-29,2016-12-30,0.01573111174949727,0.13401577141820242,,,0.0
6m_15pct,2016,delay,12,0,2016-01-29,2016-12-30,0.013266324447971779,0.1209258332431515,,,0.15668233375840457
6m_15pct,2016,diagram_kernel,12,0,2016-01-29,2016-12-30,0.007275236051187185,0.08219567143143368,,,0.5375256264758475
6m_15pct,2016,inner_selector,12,0,2016-01-29,2016-12-30,0.008213458480433432,0.09190907115510578,,,0.4778844234771954
6m_15pct,2016,landscape,12,0,2016-01-29,2016-12-30,0.008213458480433432,0.09190907115510578,,,0.4778844234771954
6m_15pct,2016,market,12,0,2016-01-29,2016-12-30,0.011099197326364219,0.10771350692976088,,,0.2944429164887902
6m_15pct,2016,market_delay,12,0,2016-01-29,2016-12-30,0.011525873196730192,0.11131580479758048,,,0.2673198576001131
6m_15pct,2016,market_kernel,12,0,2016-01-29,2016-12-30,0.014837297743306263,0.11666270556574809,,,0.056818235126933736
6m_15pct,2016,market_landscape,12,0,2016-01-29,2016-12-30,0.007702858213937747,0.0842578093826734,,,0.5103424133908455
6m_15pct,2016,raw_tda,12,0,2016-01-29,2016-12-30,0.009039981200313702,0.09939411065702301,,,0.4253437808931336
6m_15pct,2017,base_rate,12,0,2017-01-31,2017-12-29,0.014525353054143817,0.12842578858882245,,,0.0
6m_15pct,2017,delay,12,0,2017-01-31,2017-12-29,0.007926118321978733,0.09274945656571015,,,0.4543252551291649
6m_15pct,2017,diagram_kernel,12,0,2017-01-31,2017-12-29,0.0028471532495473635,0.05454543576731046,,,0.8039873289871518
6m_15pct,2017,inner_selector,12,0,2017-01-31,2017-12-29,0.004162274788508778,0.06616113072786242,,,0.713447599311787
6m_15pct,2017,landscape,12,0,2017-01-31,2017-12-29,0.004162274788508778,0.06616113072786242,,,0.713447599311787
6m_15pct,2017,market,12,0,2017-01-31,2017-12-29,0.004249736774810654,0.0673260525104694,,,0.7074262664067721
6m_15pct,2017,market_delay,12,0,2017-01-31,2017-12-29,0.004507008083766894,0.06907307848491144,,,0.689714386496022
6m_15pct,2017,market_kernel,12,0,2017-01-31,2017-12-29,0.0016606059125615954,0.03019476772347367,,,0.8856753494134275
6m_15pct,2017,market_landscape,12,0,2017-01-31,2017-12-29,0.0018651015691505523,0.04393507209801071,,,0.8715968168072532
6m_15pct,2017,raw_tda,12,0,2017-01-31,2017-12-29,0.006472815205034378,0.08370908307465803,,,0.5543781152233127
6m_15pct,2018,base_rate,12,3,2018-01-31,2018-12-31,0.20545936065879858,0.6310313214202034,0.5,0.25,0.0
6m_15pct,2018,delay,12,3,2018-01-31,2018-12-31,0.24056562503146392,0.9118770555263748,0.14814814814814817,0.19761904761904764,-0.17086719368783343
6m_15pct,2018,diagram_kernel,12,3,2018-01-31,2018-12-31,0.2356893178033805,0.8591344504224323,0.11111111111111116,0.19461279461279463,-0.14713351120947027
6m_15pct,2018,inner_selector,12,3,2018-01-31,2018-12-31,0.2356893178033805,0.8591344504224323,0.11111111111111116,0.19461279461279463,-0.14713351120947027
6m_15pct,2018,landscape,12,3,2018-01-31,2018-12-31,0.22700512048911714,0.7817178998591383,0.7037037037037037,0.42063492063492064,-0.10486628480314941
6m_15pct,2018,market,12,3,2018-01-31,2018-12-31,0.23591868837528715,0.8327578528873955,0.11111111111111116,0.19461279461279463,-0.1482498904835572
6m_15pct,2018,market_delay,12,3,2018-01-31,2018-12-31,0.2329851076145093,0.7935453157424434,0.11111111111111116,0.19461279461279463,-0.13397173468977197
6m_15pct,2018,market_kernel,12,3,2018-01-31,2018-12-31,0.25106477049396764,1.025849809672021,0.0740740740740741,0.18703703703703706,-0.22196803148290178
6m_15pct,2018,market_landscape,12,3,2018-01-31,2018-12-31,0.23272429882055165,0.8349421476790045,0.29629629629629634,0.2297979797979798,-0.13270234110691748
6m_15pct,2018,raw_tda,12,3,2018-01-31,2018-12-31,0.2179683866838514,0.7039193142093195,0.5925925925925926,0.3416666666666666,-0.06088321303513777
6m_15pct,2019,base_rate,12,4,2019-01-31,2019-12-31,0.2713070040129852,0.8094258929365337,0.5,0.3333333333333333,0.0
6m_15pct,2019,delay,12,4,2019-01-31,2019-12-31,0.28698423679272067,0.8991920306968272,0.5,0.36408730158730157,-0.05778410637340259
6m_15pct,2019,diagram_kernel,12,4,2019-01-31,2019-12-31,0.31219686732693447,1.136579886303019,0.0625,0.23722943722943718,-0.15071436678425099
6m_15pct,2019,inner_selector,12,4,2019-01-31,2019-12-31,0.3195650616733948,1.3097569699337812,0.3125,0.29924242424242425,-0.1778725095431002
6m_15pct,2019,landscape,12,4,2019-01-31,2019-12-31,0.31611413654694415,1.2478603846838574,0.5,0.40208333333333335,-0.16515287799873546
6m_15pct,2019,market,12,4,2019-01-31,2019-12-31,0.30603914232632845,1.07562275891379,0.15625,0.25707070707070706,-0.12801784620230783
6m_15pct,2019,market_delay,12,4,2019-01-31,2019-12-31,0.2953552434090985,0.9639579713942004,0.3125,0.29924242424242425,-0.08863847611896647
6m_15pct,2019,market_kernel,12,4,2019-01-31,2019-12-31,0.3086305068807498,1.1035074215464757,0.25,0.2791666666666667,-0.1375692566564859
6m_15pct,2019,market_landscape,12,4,2019-01-31,2019-12-31,0.3195650616733948,1.3097569699337812,0.3125,0.29924242424242425,-0.1778725095431002
6m_15pct,2019,raw_tda,12,4,2019-01-31,2019-12-31,0.2975438686206581,0.9871955142248204,0.25,0.27976190476190477,-0.09670544519527846
6m_15pct,2020,base_rate,12,2,2020-01-31,2020-12-31,0.14139375033645277,0.4614732002224762,0.5,0.16666666666666666,0.0
6m_15pct,2020,delay,12,2,2020-01-31,2020-12-31,0.16138181165465168,0.5435065719731013,0.04999999999999999,0.13333333333333333,-0.14136453181725805
6m_15pct,2020,diagram_kernel,12,2,2020-01-31,2020-12-31,0.1628647024684988,0.5767293908773644,0.0,0.12878787878787878,-0.15185220054602788
6m_15pct,2020,inner_selector,12,2,2020-01-31,2020-12-31,0.29049649882918294,0.9298758676239546,0.0,0.12878787878787878,-1.0545214914940262
6m_15pct,2020,landscape,12,2,2020-01-31,2020-12-31,0.23826813061775312,0.8472627666116145,0.0,0.12878787878787878,-0.6851390535351345
6m_15pct,2020,market,12,2,2020-01-31,2020-12-31,0.23034573855178256,0.7390295181173605,0.0,0.12878787878787878,-0.6291083446309653
6m_15pct,2020,market_delay,12,2,2020-01-31,2020-12-31,0.17926801912582968,0.5840447980904245,0.25,0.16666666666666666,-0.26786381080672506
6m_15pct,2020,market_kernel,12,2,2020-01-31,2020-12-31,0.16418627494327517,0.575215668326348,0.04999999999999999,0.13333333333333333,-0.16119895364955372
6m_15pct,2020,market_landscape,12,2,2020-01-31,2020-12-31,0.2008856736954979,0.6705995610290404,0.0,0.12878787878787878,-0.42075355676952797
6m_15pct,2020,raw_tda,12,2,2020-01-31,2020-12-31,0.29049649882918294,0.9298758676239546,0.0,0.12878787878787878,-1.0545214914940262
6m_15pct,2021,base_rate,12,1,2021-01-29,2021-12-31,0.07852740858295312,0.2975015026117246,0.5,0.08333333333333333,0.0
6m_15pct,2021,delay,12,1,2021-01-29,2021-12-31,0.07723008580193637,0.2905407492150181,0.6363636363636364,0.2,0.016520636608634787
6m_15pct,2021,diagram_kernel,12,1,2021-01-29,2021-12-31,0.08095701235331797,0.30468537641504106,0.36363636363636365,0.125,-0.030939563831376304
6m_15pct,2021,inner_selector,12,1,2021-01-29,2021-12-31,0.07852740858295312,0.2975015026117246,0.5,0.08333333333333333,0.0
6m_15pct,2021,landscape,12,1,2021-01-29,2021-12-31,0.09014303556245455,0.33721408572339157,0.36363636363636365,0.125,-0.1479181242461498
6m_15pct,2021,market,12,1,2021-01-29,2021-12-31,0.07710370516422912,0.2909016028043887,0.5454545454545454,0.16666666666666666,0.01813001911581047
6m_15pct,2021,market_delay,12,1,2021-01-29,2021-12-31,0.07733139802513225,0.29268299068285064,0.36363636363636365,0.125,0.015230485500581037
6m_15pct,2021,market_kernel,12,1,2021-01-29,2021-12-31,0.07998164850576055,0.3053026577332033,0.2727272727272727,0.1111111111111111,-0.018518883394340158
6m_15pct,2021,market_landscape,12,1,2021-01-29,2021-12-31,0.0804758698696548,0.30715379481505917,0.09090909090909094,0.09090909090909091,-0.024812499506378094
6m_15pct,2021,raw_tda,12,1,2021-01-29,2021-12-31,0.09676720637737107,0.3581262444272289,0.18181818181818177,0.1,-0.232273012997114
6m_15pct,2022,base_rate,12,3,2022-01-31,2022-12-30,0.2030399661442285,0.6196206565847845,0.5,0.25,0.0
6m_15pct,2022,delay,12,3,2022-01-31,2022-12-30,0.20182331940783596,0.6126711630643412,0.33333333333333337,0.2686868686868687,0.005992153956173918
6m_15pct,2022,diagram_kernel,12,3,2022-01-31,2022-12-30,0.1980288458523217,0.5972852512532593,0.18518518518518523,0.2051948051948052,0.024680462605806364
6m_15pct,2022,inner_selector,12,3,2022-01-31,2022-12-30,0.2030399661442285,0.6196206565847845,0.5,0.25,0.0
6m_15pct,2022,landscape,12,3,2022-01-31,2022-12-30,0.19939297504079975,0.6005479481981123,0.48148148148148145,0.2869047619047619,0.017961937113593396
6m_15pct,2022,market,12,3,2022-01-31,2022-12-30,0.22616199094332246,0.6989422788659659,0.0,0.17727272727272728,-0.1138791797407479
6m_15pct,2022,market_delay,12,3,2022-01-31,2022-12-30,0.22805272952398922,0.704753056853527,0.0,0.17727272727272728,-0.12319132954343104
6m_15pct,2022,market_kernel,12,3,2022-01-31,2022-12-30,0.2832456877440064,0.8886526748444169,0.0,0.17727272727272728,-0.3950243054256821
6m_15pct,2022,market_landscape,12,3,2022-01-31,2022-12-30,0.22376816551741718,0.6796950970533624,0.0,0.17727272727272728,-0.10208925743449204
6m_15pct,2022,raw_tda,12,3,2022-01-31,2022-12-30,0.20242411506807698,0.6150871699636439,0.4444444444444444,0.2757936507936508,0.003033151984048632
6m_15pct,2023,base_rate,12,0,2023-01-31,2023-12-29,0.01740450150026802,0.14147845431705441,,,0.0
6m_15pct,2023,delay,12,0,2023-01-31,2023-12-29,0.01429637049332102,0.12538735625284375,,,0.17858201838754972
6m_15pct,2023,diagram_kernel,12,0,2023-01-31,2023-12-29,0.01962573671411569,0.14864272608552773,,,-0.12762417894091738
6m_15pct,2023,inner_selector,12,0,2023-01-31,2023-12-29,0.01740450150026802,0.14147845431705441,,,0.0
6m_15pct,2023,landscape,12,0,2023-01-31,2023-12-29,0.022230128351364096,0.15895528680186163,,,-0.27726314660731677
6m_15pct,2023,market,12,0,2023-01-31,2023-12-29,0.015008271690869912,0.12725817237744927,,,0.13767873842070155
6m_15pct,2023,market_delay,12,0,2023-01-31,2023-12-29,0.013198162040137991,0.11776157848232671,,,0.24168112255701513
6m_15pct,2023,market_kernel,12,0,2023-01-31,2023-12-29,0.029560759531795978,0.1518071952779401,,,-0.6984548239626833
6m_15pct,2023,market_landscape,12,0,2023-01-31,2023-12-29,0.01872924533945556,0.14135635316690245,,,-0.07611501192189496
6m_15pct,2023,raw_tda,12,0,2023-01-31,2023-12-29,0.019255396080944617,0.14831337205184122,,,-0.10634573938518677
6m_15pct,2024,base_rate,12,2,2024-01-31,2024-12-31,0.14039350867668318,0.45680166134441064,0.5,0.16666666666666666,0.0
6m_15pct,2024,delay,12,2,2024-01-31,2024-12-31,0.1451487328710889,0.4803817373573434,0.30000000000000004,0.1736111111111111,-0.03387068418780448
6m_15pct,2024,diagram_kernel,12,2,2024-01-31,2024-12-31,0.14507539584118842,0.4803505764545321,0.35,0.20833333333333331,-0.033348316518588605
6m_15pct,2024,inner_selector,12,2,2024-01-31,2024-12-31,0.14039350867668318,0.45680166134441064,0.5,0.16666666666666666,0.0
6m_15pct,2024,landscape,12,2,2024-01-31,2024-12-31,0.15177099248975243,0.5166485763320048,0.0,0.12878787878787878,-0.0810399563363775
6m_15pct,2024,market,12,2,2024-01-31,2024-12-31,0.14351104548045057,0.4727088585568322,0.65,0.6111111111111112,-0.02220570475909156
6m_15pct,2024,market_delay,12,2,2024-01-31,2024-12-31,0.14534162140130513,0.4841680267238107,0.4,0.25,-0.03524459764031618
6m_15pct,2024,market_kernel,12,2,2024-01-31,2024-12-31,0.14526043707751443,0.48513155613239006,0.55,0.5909090909090909,-0.03466633498019811
6m_15pct,2024,market_landscape,12,2,2024-01-31,2024-12-31,0.1523796754799889,0.532666594847139,0.0,0.12878787878787878,-0.085375505721629
6m_15pct,2024,raw_tda,12,2,2024-01-31,2024-12-31,0.13940203785859204,0.452521735368971,0.6000000000000001,0.3611111111111111,0.007062084475532471
6m_15pct,2025,base_rate,12,2,2025-01-31,2025-12-31,0.1407034092938199,0.45820934693091137,0.5,0.16666666666666666,0.0
6m_15pct,2025,delay,12,2,2025-01-31,2025-12-31,0.14189234814054094,0.4622288044918046,0.55,0.24285714285714285,-0.00844996473566817
6m_15pct,2025,diagram_kernel,12,2,2025-01-31,2025-12-31,0.14473781025154034,0.47770770221438025,0.35000000000000003,0.18253968253968253,-0.02867308601809171
6m_15pct,2025,inner_selector,12,2,2025-01-31,2025-12-31,0.1407034092938199,0.45820934693091137,0.5,0.16666666666666666,0.0
6m_15pct,2025,landscape,12,2,2025-01-31,2025-12-31,0.14328441434951109,0.46901599628308693,0.6,0.26785714285714285,-0.018343585764162285
6m_15pct,2025,market,12,2,2025-01-31,2025-12-31,0.14583808807683074,0.4815184425613361,0.6,0.26785714285714285,-0.03649292372360713
6m_15pct,2025,market_delay,12,2,2025-01-31,2025-12-31,0.14463990690901954,0.4742859914392939,0.6,0.26785714285714285,-0.027977272441063405
6m_15pct,2025,market_kernel,12,2,2025-01-31,2025-12-31,0.14520332063879854,0.47685022892875756,0.5,0.22619047619047616,-0.03198153738820819
6m_15pct,2025,market_landscape,12,2,2025-01-31,2025-12-31,0.14795942175829835,0.49773717075437585,0.39999999999999997,0.2,-0.05156955684937459
6m_15pct,2025,raw_tda,12,2,2025-01-31,2025-12-31,0.13759507422698733,0.4442887708892049,0.8,0.41666666666666663,0.022091398370750692
6m_15pct,2026,base_rate,2,0,2026-01-30,2026-02-27,0.016931339817099725,0.1394005618978174,,,0.0
6m_15pct,2026,delay,2,0,2026-01-30,2026-02-27,0.010966676921893778,0.11061903418837851,,,0.3522853453795761
6m_15pct,2026,diagram_kernel,2,0,2026-01-30,2026-02-27,0.019200913517742276,0.14905452814342984,,,-0.1340457237973811
6m_15pct,2026,inner_selector,2,0,2026-01-30,2026-02-27,0.016931339817099725,0.1394005618978174,,,0.0
6m_15pct,2026,landscape,2,0,2026-01-30,2026-02-27,0.014710620444787798,0.1292941718840296,,,0.1311602859727098
6m_15pct,2026,market,2,0,2026-01-30,2026-02-27,0.011114291507622899,0.11140579014519784,,,0.3435669221878074
6m_15pct,2026,market_delay,2,0,2026-01-30,2026-02-27,0.009854948280152261,0.10454331765376923,,,0.4179463417183734
6m_15pct,2026,market_kernel,2,0,2026-01-30,2026-02-27,0.011823813209220957,0.11488809461547736,,,0.30166110083742137
6m_15pct,2026,market_landscape,2,0,2026-01-30,2026-02-27,0.010835881257160469,0.10990968013900058,,,0.3600104082597868
6m_15pct,2026,raw_tda,2,0,2026-01-30,2026-02-27,0.018779172819924552,0.14737741626969536,,,-0.10913684461985795
