target,outer_year,model,parameter,inner_brier,inner_folds,fallback,candidate_scores
12m_20pct,2003,base_rate,None,,0,True,"{""None"": null}"
12m_20pct,2003,raw_tda,0.1,,0,True,"{""0.01"": null, ""0.1"": null, ""1.0"": null}"
12m_20pct,2003,market,0.1,,0,True,"{""0.01"": null, ""0.1"": null, ""1.0"": null}"
12m_20pct,2003,landscape,0.1,,0,True,"{""0.01"": null, ""0.1"": null, ""1.0"": null}"
12m_20pct,2003,market_landscape,0.1,,0,True,"{""0.01"": null, ""0.1"": null, ""1.0"": null}"
12m_20pct,2003,delay,0.1,,0,True,"{""0.01"": null, ""0.1"": null, ""1.0"": null}"
12m_20pct,2003,market_delay,0.1,,0,True,"{""0.01"": null, ""0.1"": null, ""1.0"": null}"
12m_20pct,2003,diagram_kernel,"(1.0, 1.0)",,0,True,"{""(10.0, 0.5)"": null, ""(10.0, 1.0)"": null, ""(10.0, 2.0)"": null, ""(1.0, 0.5)"": null, ""(1.0, 1.0)"": null, ""(1.0, 2.0)"": null, ""(0.1, 0.5)"": null, ""(0.1, 1.0)"": null, ""(0.1, 2.0)"": null}"
12m_20pct,2003,market_kernel,"(1.0, 1.0)",,0,True,"{""(10.0, 0.5)"": null, ""(10.0, 1.0)"": null, ""(10.0, 2.0)"": null, ""(1.0, 0.5)"": null, ""(1.0, 1.0)"": null, ""(1.0, 2.0)"": null, ""(0.1, 0.5)"": null, ""(0.1, 1.0)"": null, ""(0.1, 2.0)"": null}"
12m_20pct,2004,base_rate,None,0.4306250000000001,1,False,"{""None"": 0.4306250000000001}"
12m_20pct,2004,raw_tda,0.01,0.4283071235272919,1,False,"{""0.01"": 0.4283071235272919, ""0.1"": 0.4487992692610634, ""1.0"": 0.46842737118779754}"
12m_20pct,2004,market,0.01,0.40814342289133104,1,False,"{""0.01"": 0.40814342289133104, ""0.1"": 0.5320118361979386, ""1.0"": 0.6707670692508513}"
12m_20pct,2004,landscape,0.01,0.42726416704697384,1,False,"{""0.01"": 0.42726416704697384, ""0.1"": 0.4429255680023288, ""1.0"": 0.45710430438987265}"
12m_20pct,2004,market_landscape,0.01,0.41221883382230223,1,False,"{""0.01"": 0.41221883382230223, ""0.1"": 0.4960807672461765, ""1.0"": 0.7554447076749841}"
12m_20pct,2004,delay,0.01,0.44048274872664267,1,False,"{""0.01"": 0.44048274872664267, ""0.1"": 0.6557424824600903, ""1.0"": 0.8780048999273097}"
12m_20pct,2004,market_delay,0.01,0.44026471302348275,1,False,"{""0.01"": 0.44026471302348275, ""0.1"": 0.6481953851497527, ""1.0"": 0.7068060735347159}"
12m_20pct,2004,diagram_kernel,"(10.0, 2.0)",0.4383772621015807,1,False,"{""(10.0, 0.5)"": 0.444107060931785, ""(10.0, 1.0)"": 0.4452351186088841, ""(10.0, 2.0)"": 0.4383772621015807, ""(1.0, 0.5)"": 0.4893662047168014, ""(1.0, 1.0)"": 0.5465260069366981, ""(1.0, 2.0)"": 0.5567001306912215, ""(0.1, 0.5)"": 0.539622796372979, ""(0.1, 1.0)"": 0.6273900823392397, ""(0.1, 2.0)"": 0.6505559087182533}"
12m_20pct,2004,market_kernel,"(1.0, 2.0)",0.36620238689965817,1,False,"{""(10.0, 0.5)"": 0.42254097172383553, ""(10.0, 1.0)"": 0.40299962222074526, ""(10.0, 2.0)"": 0.38211395089163264, ""(1.0, 0.5)"": 0.40150109342801127, ""(1.0, 1.0)"": 0.37438529023564865, ""(1.0, 2.0)"": 0.36620238689965817, ""(0.1, 0.5)"": 0.394858545421128, ""(0.1, 1.0)"": 0.3884672877602609, ""(0.1, 2.0)"": 0.42593752504011295}"
12m_20pct,2005,base_rate,None,0.024930747922437674,1,False,"{""None"": 0.024930747922437674}"
12m_20pct,2005,raw_tda,1.0,0.002789333053043508,1,False,"{""0.01"": 0.01595557354408479, ""0.1"": 0.0053575659872447, ""1.0"": 0.002789333053043508}"
12m_20pct,2005,market,0.01,0.07712079149340711,1,False,"{""0.01"": 0.07712079149340711, ""0.1"": 0.18752984620219146, ""1.0"": 0.2102059813004458}"
12m_20pct,2005,landscape,1.0,0.012875421469444872,1,False,"{""0.01"": 0.021230609424640667, ""0.1"": 0.015893186212913007, ""1.0"": 0.012875421469444872}"
12m_20pct,2005,market_landscape,0.01,0.06194141222716177,1,False,"{""0.01"": 0.06194141222716177, ""0.1"": 0.1619912632349341, ""1.0"": 0.16551853084670154}"
12m_20pct,2005,delay,0.01,0.03535453047865138,1,False,"{""0.01"": 0.03535453047865138, ""0.1"": 0.20061087592762797, ""1.0"": 0.40199524800479525}"
12m_20pct,2005,market_delay,0.01,0.09237177398651676,1,False,"{""0.01"": 0.09237177398651676, ""0.1"": 0.268053752039782, ""1.0"": 0.34385267584806384}"
12m_20pct,2005,diagram_kernel,"(0.1, 1.0)",0.006464948289028451,1,False,"{""(10.0, 0.5)"": 0.012462620227663798, ""(10.0, 1.0)"": 0.014295283243199753, ""(10.0, 2.0)"": 0.016517279220998896, ""(1.0, 0.5)"": 0.009719634407525633, ""(1.0, 1.0)"": 0.009558900693931673, ""(1.0, 2.0)"": 0.01043755008488984, ""(0.1, 0.5)"": 0.0070441889855517035, ""(0.1, 1.0)"": 0.006464948289028451, ""(0.1, 2.0)"": 0.00729301460308042}"
12m_20pct,2005,market_kernel,"(10.0, 0.5)",0.037764846266785654,1,False,"{""(10.0, 0.5)"": 0.037764846266785654, ""(10.0, 1.0)"": 0.0617529856086001, ""(10.0, 2.0)"": 0.08069680571672826, ""(1.0, 0.5)"": 0.14340109160872141, ""(1.0, 1.0)"": 0.20743422496738909, ""(1.0, 2.0)"": 0.22900192176623269, ""(0.1, 0.5)"": 0.25844756588080237, ""(0.1, 1.0)"": 0.3309483596085408, ""(0.1, 2.0)"": 0.3259462535288417}"
12m_20pct,2006,base_rate,None,0.12639900416171226,2,False,"{""None"": 0.12639900416171226}"
12m_20pct,2006,raw_tda,0.1,0.11859914311624842,2,False,"{""0.01"": 0.12053527177005867, ""0.1"": 0.11859914311624842, ""1.0"": 0.1209578252705063}"
12m_20pct,2006,market,0.01,0.11428589309059892,2,False,"{""0.01"": 0.11428589309059892, ""0.1"": 0.14171989366000873, ""1.0"": 0.17301396684118026}"
12m_20pct,2006,landscape,0.01,0.12462784449968274,2,False,"{""0.01"": 0.12462784449968274, ""0.1"": 0.12813745110633074, ""1.0"": 0.13024771193428167}"
12m_20pct,2006,market_landscape,0.01,0.1135415271574449,2,False,"{""0.01"": 0.1135415271574449, ""0.1"": 0.1282762953993029, ""1.0"": 0.1981710975971621}"
12m_20pct,2006,delay,0.01,0.1253398862792066,2,False,"{""0.01"": 0.1253398862792066, ""0.1"": 0.17936558671683106, ""1.0"": 0.2817361812840944}"
12m_20pct,2006,market_delay,0.01,0.12174902503712605,2,False,"{""0.01"": 0.12174902503712605, ""0.1"": 0.18863275129237908, ""1.0"": 0.21594346532756056}"
12m_20pct,2006,diagram_kernel,"(10.0, 2.0)",0.1136559031875693,2,False,"{""(10.0, 0.5)"": 0.11443109309873484, ""(10.0, 1.0)"": 0.11444079204381823, ""(10.0, 2.0)"": 0.1136559031875693, ""(1.0, 0.5)"": 0.12310106368586551, ""(1.0, 1.0)"": 0.13723509588005853, ""(1.0, 2.0)"": 0.13987547204006964, ""(0.1, 0.5)"": 0.13528676670954073, ""(0.1, 1.0)"": 0.1571747300702091, ""(0.1, 2.0)"": 0.1630666099948062}"
12m_20pct,2006,market_kernel,"(1.0, 1.0)",0.09538982153072592,2,False,"{""(10.0, 0.5)"": 0.10809578438772359, ""(10.0, 1.0)"": 0.10461561363676154, ""(10.0, 2.0)"": 0.10216876704145425, ""(1.0, 0.5)"": 0.10113846603014609, ""(1.0, 1.0)"": 0.09538982153072592, ""(1.0, 2.0)"": 0.09576124741931023, ""(0.1, 0.5)"": 0.09976038462120121, ""(0.1, 1.0)"": 0.0995283533513783, ""(0.1, 2.0)"": 0.11141166143734668}"
12m_20pct,2007,base_rate,None,0.027252992120170516,2,False,"{""None"": 0.027252992120170516}"
12m_20pct,2007,raw_tda,1.0,0.0025871603699274565,2,False,"{""0.01"": 0.016235413478954207, ""0.1"": 0.005288727444962758, ""1.0"": 0.0025871603699274565}"
12m_20pct,2007,market,0.01,0.03123955249204311,2,False,"{""0.01"": 0.03123955249204311, ""0.1"": 0.048821664503964, ""1.0"": 0.052818492374513366}"
12m_20pct,2007,landscape,1.0,0.009720098991054511,2,False,"{""0.01"": 0.02095724614472953, ""0.1"": 0.013746190113193777, ""1.0"": 0.009720098991054511}"
12m_20pct,2007,market_landscape,0.01,0.024483073911361525,2,False,"{""0.01"": 0.024483073911361525, ""0.1"": 0.04172115668117006, ""1.0"": 0.041585251366565344}"
12m_20pct,2007,delay,0.01,0.02407556543411824,2,False,"{""0.01"": 0.02407556543411824, ""0.1"": 0.05487247480819595, ""1.0"": 0.10212835258778048}"
12m_20pct,2007,market_delay,0.01,0.03306673010296475,2,False,"{""0.01"": 0.03306673010296475, ""0.1"": 0.06889228040310146, ""1.0"": 0.08632125907686097}"
12m_20pct,2007,diagram_kernel,"(0.1, 1.0)",0.0016551705258241963,2,False,"{""(10.0, 0.5)"": 0.004302067077875048, ""(10.0, 1.0)"": 0.004405989182304559, ""(10.0, 2.0)"": 0.005491124482234482, ""(1.0, 0.5)"": 0.0025044081680451378, ""(1.0, 1.0)"": 0.0024142991129423408, ""(1.0, 2.0)"": 0.002627429830288829, ""(0.1, 0.5)"": 0.0018046806297191906, ""(0.1, 1.0)"": 0.0016551705258241963, ""(0.1, 2.0)"": 0.0018856223332610242}"
12m_20pct,2007,market_kernel,"(10.0, 0.5)",0.011674487058661434,2,False,"{""(10.0, 0.5)"": 0.011674487058661434, ""(10.0, 1.0)"": 0.01848328269571429, ""(10.0, 2.0)"": 0.02513750085679884, ""(1.0, 0.5)"": 0.03644284573236121, ""(1.0, 1.0)"": 0.052513568982410636, ""(1.0, 2.0)"": 0.05811891284088566, ""(0.1, 0.5)"": 0.06505054892568705, ""(0.1, 1.0)"": 0.08307228069752695, ""(0.1, 2.0)"": 0.08206816498610313}"
12m_20pct,2008,base_rate,None,0.09277410823296721,3,False,"{""None"": 0.09277410823296721}"
12m_20pct,2008,raw_tda,0.1,0.07907816301480586,3,False,"{""0.01"": 0.0834921860123566, ""0.1"": 0.07907816301480586, ""1.0"": 0.08032328438187451}"
12m_20pct,2008,market,0.01,0.08068164227084343,3,False,"{""0.01"": 0.08068164227084343, ""0.1"": 0.0952713100513068, ""1.0"": 0.11552741495280495}"
12m_20pct,2008,landscape,0.1,0.0849668996565016,3,False,"{""0.01"": 0.08675521257593148, ""0.1"": 0.0849668996565016, ""1.0"": 0.0851704656654278}"
12m_20pct,2008,market_landscape,0.01,0.0780099643124587,3,False,"{""0.01"": 0.0780099643124587, ""0.1"": 0.08578210126998631, ""1.0"": 0.13223074559681983}"
12m_20pct,2008,delay,0.01,0.08894489714510335,3,False,"{""0.01"": 0.08894489714510335, ""0.1"": 0.12161418920843757, ""1.0"": 0.18902147475055098}"
12m_20pct,2008,market_delay,0.01,0.08480916547248603,3,False,"{""0.01"": 0.08480916547248603, ""0.1"": 0.12662122900208336, ""1.0"": 0.14410979076766023}"
12m_20pct,2008,diagram_kernel,"(10.0, 2.0)",0.07539889708101072,3,False,"{""(10.0, 0.5)"": 0.07582416730026435, ""(10.0, 1.0)"": 0.07580824581436521, ""(10.0, 2.0)"": 0.07539889708101072, ""(1.0, 0.5)"": 0.08190588932897587, ""(1.0, 1.0)"": 0.09139250386617359, ""(1.0, 2.0)"": 0.09314231455444189, ""(0.1, 0.5)"": 0.09013429153649499, ""(0.1, 1.0)"": 0.10476500399508572, ""(0.1, 2.0)"": 0.10869863795898273}"
12m_20pct,2008,market_kernel,"(1.0, 1.0)",0.0649256332853603,3,False,"{""(10.0, 0.5)"": 0.0737891862738255, ""(10.0, 1.0)"": 0.07171729063661464, ""(10.0, 2.0)"": 0.07051694363758801, ""(1.0, 0.5)"": 0.06863513258030011, ""(1.0, 1.0)"": 0.0649256332853603, ""(1.0, 2.0)"": 0.06517253400219226, ""(0.1, 0.5)"": 0.06725172273642958, ""(0.1, 1.0)"": 0.06687716878277067, ""(0.1, 2.0)"": 0.07503016616511547}"
12m_20pct,2009,base_rate,None,0.1034464391912248,3,False,"{""None"": 0.1034464391912248}"
12m_20pct,2009,raw_tda,0.01,0.10163585792828068,3,False,"{""0.01"": 0.10163585792828068, ""0.1"": 0.10314982289265358, ""1.0"": 0.10487130533258888}"
12m_20pct,2009,market,0.01,0.10554673667131971,3,False,"{""0.01"": 0.10554673667131971, ""0.1"": 0.12520648544991528, ""1.0"": 0.1355241330545502}"
12m_20pct,2009,landscape,0.01,0.10474439021480446,3,False,"{""0.01"": 0.10474439021480446, ""0.1"": 0.10830401643059434, ""1.0"": 0.10998912901470087}"
12m_20pct,2009,market_landscape,0.01,0.10748667732182947,3,False,"{""0.01"": 0.10748667732182947, ""0.1"": 0.1307479018806394, ""1.0"": 0.13504619118941374}"
12m_20pct,2009,delay,0.01,0.09717884119056035,3,False,"{""0.01"": 0.09717884119056035, ""0.1"": 0.11825062896480297, ""1.0"": 0.15150372815515142}"
12m_20pct,2009,market_delay,0.01,0.10728856154678597,3,False,"{""0.01"": 0.10728856154678597, ""0.1"": 0.14337674248213342, ""1.0"": 0.16517517216844158}"
12m_20pct,2009,diagram_kernel,"(10.0, 2.0)",0.09729353438408755,3,False,"{""(10.0, 0.5)"": 0.09999568237126327, ""(10.0, 1.0)"": 0.09895472071647994, ""(10.0, 2.0)"": 0.09729353438408755, ""(1.0, 0.5)"": 0.10751993738625858, ""(1.0, 1.0)"": 0.10699302668250554, ""(1.0, 2.0)"": 0.10549035424872559, ""(0.1, 0.5)"": 0.11020578017604606, ""(0.1, 1.0)"": 0.11062562817739968, ""(0.1, 2.0)"": 0.11093240446679697}"
12m_20pct,2009,market_kernel,"(10.0, 1.0)",0.09733081434193107,3,False,"{""(10.0, 0.5)"": 0.09823648491242414, ""(10.0, 1.0)"": 0.09733081434193107, ""(10.0, 2.0)"": 0.09825755091473239, ""(1.0, 0.5)"": 0.11495372907303507, ""(1.0, 1.0)"": 0.12367626062473236, ""(1.0, 2.0)"": 0.12389048623370506, ""(0.1, 0.5)"": 0.133478610488028, ""(0.1, 1.0)"": 0.14968188721454315, ""(0.1, 2.0)"": 0.14759827562217123}"
12m_20pct,2010,base_rate,None,0.3040449813735819,3,False,"{""None"": 0.3040449813735819}"
12m_20pct,2010,raw_tda,1.0,0.26143761003805016,3,False,"{""0.01"": 0.2794504118085949, ""0.1"": 0.2619546986965869, ""1.0"": 0.26143761003805016}"
12m_20pct,2010,market,0.1,0.18098666517511097,3,False,"{""0.01"": 0.19010673187242602, ""0.1"": 0.18098666517511097, ""1.0"": 0.20679029191126078}"
12m_20pct,2010,landscape,1.0,0.26745548931971,3,False,"{""0.01"": 0.28326975034871654, ""0.1"": 0.2675960184134147, ""1.0"": 0.26745548931971}"
12m_20pct,2010,market_landscape,0.01,0.2016206640356236,3,False,"{""0.01"": 0.2016206640356236, ""0.1"": 0.20486722634291857, ""1.0"": 0.2264530665186997}"
12m_20pct,2010,delay,0.1,0.19113679155874133,3,False,"{""0.01"": 0.22630855213810533, ""0.1"": 0.19113679155874133, ""1.0"": 0.21359934580718995}"
12m_20pct,2010,market_delay,0.01,0.1807639642747064,3,False,"{""0.01"": 0.1807639642747064, ""0.1"": 0.19624391462398494, ""1.0"": 0.2399628965667545}"
12m_20pct,2010,diagram_kernel,"(0.1, 2.0)",0.22544320174163487,3,False,"{""(10.0, 0.5)"": 0.2859275632817894, ""(10.0, 1.0)"": 0.2664940743591924, ""(10.0, 2.0)"": 0.2541986574561856, ""(1.0, 0.5)"": 0.2659739602055424, ""(1.0, 1.0)"": 0.2429355454847165, ""(1.0, 2.0)"": 0.2311032531297831, ""(0.1, 0.5)"": 0.25968455735864493, ""(0.1, 1.0)"": 0.235826566631781, ""(0.1, 2.0)"": 0.22544320174163487}"
12m_20pct,2010,market_kernel,"(1.0, 1.0)",0.15342419286381895,3,False,"{""(10.0, 0.5)"": 0.22227711170581332, ""(10.0, 1.0)"": 0.20064553583575387, ""(10.0, 2.0)"": 0.19848060190564965, ""(1.0, 0.5)"": 0.16014255218834295, ""(1.0, 1.0)"": 0.15342419286381895, ""(1.0, 2.0)"": 0.17264226644962935, ""(0.1, 0.5)"": 0.16195416467480173, ""(0.1, 1.0)"": 0.1675417118224698, ""(0.1, 2.0)"": 0.17418814771609128}"
12m_20pct,2011,base_rate,None,0.18053641461770017,3,False,"{""None"": 0.18053641461770017}"
12m_20pct,2011,raw_tda,0.1,0.16798915758815278,3,False,"{""0.01"": 0.17021590039454693, ""0.1"": 0.16798915758815278, ""1.0"": 0.17815283238472956}"
12m_20pct,2011,market,0.01,0.1992667552831504,3,False,"{""0.01"": 0.1992667552831504, ""0.1"": 0.25687435115165647, ""1.0"": 0.28034758485169714}"
12m_20pct,2011,landscape,0.01,0.1717561943094261,3,False,"{""0.01"": 0.1717561943094261, ""0.1"": 0.172633791056503, ""1.0"": 0.18894584939637804}"
12m_20pct,2011,market_landscape,0.01,0.19379929579405272,3,False,"{""0.01"": 0.19379929579405272, ""0.1"": 0.25684441145067677, ""1.0"": 0.2878411424653484}"
12m_20pct,2011,delay,0.01,0.1757858730705734,3,False,"{""0.01"": 0.1757858730705734, ""0.1"": 0.28501184379638483, ""1.0"": 0.3569094500816139}"
12m_20pct,2011,market_delay,0.01,0.210455218176509,3,False,"{""0.01"": 0.210455218176509, ""0.1"": 0.284701193559185, ""1.0"": 0.3377923858574628}"
12m_20pct,2011,diagram_kernel,"(10.0, 2.0)",0.17468799550401992,3,False,"{""(10.0, 0.5)"": 0.1763622768518075, ""(10.0, 1.0)"": 0.17583011788228234, ""(10.0, 2.0)"": 0.17468799550401992, ""(1.0, 0.5)"": 0.1838548156897366, ""(1.0, 1.0)"": 0.18971755111644253, ""(1.0, 2.0)"": 0.19139366876738675, ""(0.1, 0.5)"": 0.1890665434492134, ""(0.1, 1.0)"": 0.19650938388220154, ""(0.1, 2.0)"": 0.20046077007824606}"
12m_20pct,2011,market_kernel,"(1.0, 1.0)",0.11073165737020918,3,False,"{""(10.0, 0.5)"": 0.14240609712440858, ""(10.0, 1.0)"": 0.13385788690091868, ""(10.0, 2.0)"": 0.1378521860791287, ""(1.0, 0.5)"": 0.11809125586428748, ""(1.0, 1.0)"": 0.11073165737020918, ""(1.0, 2.0)"": 0.11984891871084873, ""(0.1, 0.5)"": 0.1410622507758642, ""(0.1, 1.0)"": 0.129526890466676, ""(0.1, 2.0)"": 0.12444394522471668}"
12m_20pct,2012,base_rate,None,0.18578433547650944,3,False,"{""None"": 0.18578433547650944}"
12m_20pct,2012,raw_tda,0.1,0.16564918417557187,3,False,"{""0.01"": 0.170940355933598, ""0.1"": 0.16564918417557187, ""1.0"": 0.17302687089622637}"
12m_20pct,2012,market,0.01,0.1646281732799165,3,False,"{""0.01"": 0.1646281732799165, ""0.1"": 0.19946387668735385, ""1.0"": 0.21636969488864025}"
12m_20pct,2012,landscape,0.1,0.16777996378500917,3,False,"{""0.01"": 0.17263674696739742, ""0.1"": 0.16777996378500917, ""1.0"": 0.17792906765719838}"
12m_20pct,2012,market_landscape,0.01,0.16179224598086692,3,False,"{""0.01"": 0.16179224598086692, ""0.1"": 0.19811804344965125, ""1.0"": 0.22093883907039125}"
12m_20pct,2012,delay,0.01,0.1611581391155055,3,False,"{""0.01"": 0.1611581391155055, ""0.1"": 0.2187185378918637, ""1.0"": 0.2693225653730941}"
12m_20pct,2012,market_delay,0.01,0.1720380554756689,3,False,"{""0.01"": 0.1720380554756689, ""0.1"": 0.22922292430411295, ""1.0"": 0.26698241746119905}"
12m_20pct,2012,diagram_kernel,"(10.0, 2.0)",0.16826420356412228,3,False,"{""(10.0, 0.5)"": 0.17841286083697738, ""(10.0, 1.0)"": 0.17287185577346284, ""(10.0, 2.0)"": 0.16826420356412228, ""(1.0, 0.5)"": 0.18391797004069424, ""(1.0, 1.0)"": 0.18004794956065362, ""(1.0, 2.0)"": 0.17536197247324503, ""(0.1, 0.5)"": 0.19028790237110924, ""(0.1, 1.0)"": 0.1888515797197969, ""(0.1, 2.0)"": 0.18666627512941877}"
12m_20pct,2012,market_kernel,"(1.0, 1.0)",0.14868376332922675,3,False,"{""(10.0, 0.5)"": 0.16102425909732637, ""(10.0, 1.0)"": 0.15371711146158926, ""(10.0, 2.0)"": 0.15145654595226185, ""(1.0, 0.5)"": 0.15340003686861137, ""(1.0, 1.0)"": 0.14868376332922675, ""(1.0, 2.0)"": 0.15133602146801725, ""(0.1, 0.5)"": 0.16264432656098776, ""(0.1, 1.0)"": 0.16299491405474953, ""(0.1, 2.0)"": 0.160486475510819}"
12m_20pct,2013,base_rate,None,0.18243089306174734,3,False,"{""None"": 0.18243089306174734}"
12m_20pct,2013,raw_tda,0.1,0.16399091738092617,3,False,"{""0.01"": 0.16973293343707188, ""0.1"": 0.16399091738092617, ""1.0"": 0.16920696087433615}"
12m_20pct,2013,market,0.01,0.17196150342586472,3,False,"{""0.01"": 0.17196150342586472, ""0.1"": 0.2171121675314777, ""1.0"": 0.2455835221630236}"
12m_20pct,2013,landscape,0.1,0.16980132583308308,3,False,"{""0.01"": 0.1722522255127603, ""0.1"": 0.16980132583308308, ""1.0"": 0.17833206703961502}"
12m_20pct,2013,market_landscape,0.01,0.16943325455392208,3,False,"{""0.01"": 0.16943325455392208, ""0.1"": 0.20949810066190733, ""1.0"": 0.22794517100800596}"
12m_20pct,2013,delay,0.01,0.18933833026163796,3,False,"{""0.01"": 0.18933833026163796, ""0.1"": 0.2594426657291389, ""1.0"": 0.3131381983376483}"
12m_20pct,2013,market_delay,0.01,0.19144792550463627,3,False,"{""0.01"": 0.19144792550463627, ""0.1"": 0.23344542854468278, ""1.0"": 0.26746756808806915}"
12m_20pct,2013,diagram_kernel,"(10.0, 2.0)",0.17606780644584832,3,False,"{""(10.0, 0.5)"": 0.18164026329227992, ""(10.0, 1.0)"": 0.17954595950703664, ""(10.0, 2.0)"": 0.17606780644584832, ""(1.0, 0.5)"": 0.19241045332765483, ""(1.0, 1.0)"": 0.1925055775372175, ""(1.0, 2.0)"": 0.1890614612920035, ""(0.1, 0.5)"": 0.20024635600902965, ""(0.1, 1.0)"": 0.20239661589352623, ""(0.1, 2.0)"": 0.20184213558112252}"
12m_20pct,2013,market_kernel,"(1.0, 0.5)",0.16022388198805249,3,False,"{""(10.0, 0.5)"": 0.16036439331635488, ""(10.0, 1.0)"": 0.16044159830560537, ""(10.0, 2.0)"": 0.16312588677867965, ""(1.0, 0.5)"": 0.16022388198805249, ""(1.0, 1.0)"": 0.1654399466722782, ""(1.0, 2.0)"": 0.17666822986621453, ""(0.1, 0.5)"": 0.18844969072696002, ""(0.1, 1.0)"": 0.1943280377602772, ""(0.1, 2.0)"": 0.18349542858169143}"
12m_20pct,2014,base_rate,None,0.1500837708618415,3,False,"{""None"": 0.1500837708618415}"
12m_20pct,2014,raw_tda,0.1,0.11732758392974085,3,False,"{""0.01"": 0.1292087547068166, ""0.1"": 0.11732758392974085, ""1.0"": 0.12224177269349872}"
12m_20pct,2014,market,0.01,0.1311216036381294,3,False,"{""0.01"": 0.1311216036381294, ""0.1"": 0.17537389476948553, ""1.0"": 0.20831809250785385}"
12m_20pct,2014,landscape,0.1,0.12276942989552747,3,False,"{""0.01"": 0.13177060997379955, ""0.1"": 0.12276942989552747, ""1.0"": 0.13106225202109337}"
12m_20pct,2014,market_landscape,0.01,0.12390714898437843,3,False,"{""0.01"": 0.12390714898437843, ""0.1"": 0.1643487760503556, ""1.0"": 0.21228995905900205}"
12m_20pct,2014,delay,0.01,0.14157714654886544,3,False,"{""0.01"": 0.14157714654886544, ""0.1"": 0.21462633589292401, ""1.0"": 0.2602421414767006}"
12m_20pct,2014,market_delay,0.01,0.14494229067374692,3,False,"{""0.01"": 0.14494229067374692, ""0.1"": 0.19035340180932947, ""1.0"": 0.21939382218405334}"
12m_20pct,2014,diagram_kernel,"(10.0, 2.0)",0.12861470749543039,3,False,"{""(10.0, 0.5)"": 0.13474073611143933, ""(10.0, 1.0)"": 0.1315935384882903, ""(10.0, 2.0)"": 0.12861470749543039, ""(1.0, 0.5)"": 0.13884760132442978, ""(1.0, 1.0)"": 0.13777777631892338, ""(1.0, 2.0)"": 0.13448340204114798, ""(0.1, 0.5)"": 0.14356332522231952, ""(0.1, 1.0)"": 0.14433662630287802, ""(0.1, 2.0)"": 0.1436238934212237}"
12m_20pct,2014,market_kernel,"(1.0, 0.5)",0.11603416000675724,3,False,"{""(10.0, 0.5)"": 0.12024791006162228, ""(10.0, 1.0)"": 0.11901969724667476, ""(10.0, 2.0)"": 0.12127934781396858, ""(1.0, 0.5)"": 0.11603416000675724, ""(1.0, 1.0)"": 0.11873130898133986, ""(1.0, 2.0)"": 0.1281617414166389, ""(0.1, 0.5)"": 0.14120749063200513, ""(0.1, 1.0)"": 0.14583134284638044, ""(0.1, 2.0)"": 0.14307041907620544}"
12m_20pct,2015,base_rate,None,0.029080762886220374,3,False,"{""None"": 0.029080762886220374}"
12m_20pct,2015,raw_tda,0.1,0.01216387554296866,3,False,"{""0.01"": 0.01727992741695638, ""0.1"": 0.01216387554296866, ""1.0"": 0.01492228804087519}"
12m_20pct,2015,market,0.01,0.05979908022676087,3,False,"{""0.01"": 0.05979908022676087, ""0.1"": 0.09400166963621398, ""1.0"": 0.10165569738134493}"
12m_20pct,2015,landscape,0.1,0.017872870251407044,3,False,"{""0.01"": 0.019117418780004333, ""0.1"": 0.017872870251407044, ""1.0"": 0.024331308829232064}"
12m_20pct,2015,market_landscape,0.01,0.04822357015323601,3,False,"{""0.01"": 0.04822357015323601, ""0.1"": 0.07630738983658615, ""1.0"": 0.08542018281834052}"
12m_20pct,2015,delay,0.01,0.052850823729853426,3,False,"{""0.01"": 0.052850823729853426, ""0.1"": 0.1248960510358344, ""1.0"": 0.16041936641556367}"
12m_20pct,2015,market_delay,0.01,0.07427147435029963,3,False,"{""0.01"": 0.07427147435029963, ""0.1"": 0.104048497901242, ""1.0"": 0.12489647311681527}"
12m_20pct,2015,diagram_kernel,"(10.0, 0.5)",0.014462004608422842,3,False,"{""(10.0, 0.5)"": 0.014462004608422842, ""(10.0, 1.0)"": 0.0203766828905151, ""(10.0, 2.0)"": 0.02336204854833047, ""(1.0, 0.5)"": 0.02849471918171916, ""(1.0, 1.0)"": 0.03846588018012422, ""(1.0, 2.0)"": 0.04108322863107138, ""(0.1, 0.5)"": 0.03687050563490144, ""(0.1, 1.0)"": 0.04947753651431621, ""(0.1, 2.0)"": 0.05428188670660463}"
12m_20pct,2015,market_kernel,"(10.0, 0.5)",0.025795376805205893,3,False,"{""(10.0, 0.5)"": 0.025795376805205893, ""(10.0, 1.0)"": 0.034003651699536036, ""(10.0, 2.0)"": 0.0379786952035133, ""(1.0, 0.5)"": 0.04943350265078165, ""(1.0, 1.0)"": 0.0540925625248894, ""(1.0, 2.0)"": 0.05347080127889938, ""(0.1, 0.5)"": 0.07807842642223305, ""(0.1, 1.0)"": 0.07437061475658194, ""(0.1, 2.0)"": 0.0619188838576115}"
12m_20pct,2016,base_rate,None,0.03247685888063524,3,False,"{""None"": 0.03247685888063524}"
12m_20pct,2016,raw_tda,1.0,0.0066502246399597585,3,False,"{""0.01"": 0.017613662542729083, ""0.1"": 0.008653271646028424, ""1.0"": 0.0066502246399597585}"
12m_20pct,2016,market,0.01,0.024923342207454808,3,False,"{""0.01"": 0.024923342207454808, ""0.1"": 0.03649372129907703, ""1.0"": 0.05089953252097238}"
12m_20pct,2016,landscape,1.0,0.010707145778139866,3,False,"{""0.01"": 0.019558570970796718, ""0.1"": 0.01270291166176262, ""1.0"": 0.010707145778139866}"
12m_20pct,2016,market_landscape,0.01,0.01847744077598694,3,False,"{""0.01"": 0.01847744077598694, ""0.1"": 0.025756573384228015, ""1.0"": 0.052967420046283624}"
12m_20pct,2016,delay,0.01,0.04173116754063324,3,False,"{""0.01"": 0.04173116754063324, ""0.1"": 0.05769771411754441, ""1.0"": 0.057546138111257215}"
12m_20pct,2016,market_delay,0.1,0.03060797135232389,3,False,"{""0.01"": 0.033242283882004654, ""0.1"": 0.03060797135232389, ""1.0"": 0.03667469247066063}"
12m_20pct,2016,diagram_kernel,"(10.0, 0.5)",0.01154758508945161,3,False,"{""(10.0, 0.5)"": 0.01154758508945161, ""(10.0, 1.0)"": 0.013447835829168302, ""(10.0, 2.0)"": 0.014103901391082014, ""(1.0, 0.5)"": 0.01991753849499998, ""(1.0, 1.0)"": 0.0222911525101621, ""(1.0, 2.0)"": 0.021170367171885873, ""(0.1, 0.5)"": 0.025275359580849806, ""(0.1, 1.0)"": 0.029621528231033627, ""(0.1, 2.0)"": 0.030528869840447805}"
12m_20pct,2016,market_kernel,"(10.0, 0.5)",0.02588236370548636,3,False,"{""(10.0, 0.5)"": 0.02588236370548636, ""(10.0, 1.0)"": 0.03224252649879902, ""(10.0, 2.0)"": 0.03273884072166736, ""(1.0, 0.5)"": 0.04910369652984748, ""(1.0, 1.0)"": 0.05480956863713207, ""(1.0, 2.0)"": 0.053424631287078035, ""(0.1, 0.5)"": 0.06734352764564924, ""(0.1, 1.0)"": 0.07301836302578624, ""(0.1, 2.0)"": 0.06681017773155178}"
12m_20pct,2017,base_rate,None,0.02949091551212241,3,False,"{""None"": 0.02949091551212241}"
12m_20pct,2017,raw_tda,1.0,0.006651955131460452,3,False,"{""0.01"": 0.016039836653406123, ""0.1"": 0.008229754426619535, ""1.0"": 0.006651955131460452}"
12m_20pct,2017,market,0.01,0.019508644377193546,3,False,"{""0.01"": 0.019508644377193546, ""0.1"": 0.021754480993497707, ""1.0"": 0.026817597979603234}"
12m_20pct,2017,landscape,1.0,0.008336327339735867,3,False,"{""0.01"": 0.016659232322949993, ""0.1"": 0.009898910729049356, ""1.0"": 0.008336327339735867}"
12m_20pct,2017,market_landscape,0.1,0.012109874596558235,3,False,"{""0.01"": 0.013593940602252599, ""0.1"": 0.012109874596558235, ""1.0"": 0.012665942545695391}"
12m_20pct,2017,delay,0.01,0.03334253469983347,3,False,"{""0.01"": 0.03334253469983347, ""0.1"": 0.03797075135304983, ""1.0"": 0.04013022246483492}"
12m_20pct,2017,market_delay,0.1,0.020317916562482868,3,False,"{""0.01"": 0.025405682318833233, ""0.1"": 0.020317916562482868, ""1.0"": 0.021896619964909148}"
12m_20pct,2017,diagram_kernel,"(10.0, 0.5)",0.010375011080584471,3,False,"{""(10.0, 0.5)"": 0.010375011080584471, ""(10.0, 1.0)"": 0.01187743100415523, ""(10.0, 2.0)"": 0.012406409803179384, ""(1.0, 0.5)"": 0.015423425700020027, ""(1.0, 1.0)"": 0.016948719428317976, ""(1.0, 2.0)"": 0.016289144307538517, ""(0.1, 0.5)"": 0.018147932317625157, ""(0.1, 1.0)"": 0.02079049883398262, ""(0.1, 2.0)"": 0.021683019450561142}"
12m_20pct,2017,market_kernel,"(10.0, 0.5)",0.021968938818699626,3,False,"{""(10.0, 0.5)"": 0.021968938818699626, ""(10.0, 1.0)"": 0.027208987477079245, ""(10.0, 2.0)"": 0.028009089879477377, ""(1.0, 0.5)"": 0.04195360934341411, ""(1.0, 1.0)"": 0.045498080249890466, ""(1.0, 2.0)"": 0.04543893529657505, ""(0.1, 0.5)"": 0.06809046493817202, ""(0.1, 1.0)"": 0.06609588778124624, ""(0.1, 2.0)"": 0.05821266427109629}"
12m_20pct,2018,base_rate,None,0.026767550302463014,3,False,"{""None"": 0.026767550302463014}"
12m_20pct,2018,raw_tda,1.0,0.006171123943875677,3,False,"{""0.01"": 0.013859228704695803, ""0.1"": 0.007359969736053017, ""1.0"": 0.006171123943875677}"
12m_20pct,2018,market,0.1,0.00947694404480602,3,False,"{""0.01"": 0.014147386337501436, ""0.1"": 0.00947694404480602, ""1.0"": 0.01031938452250223}"
12m_20pct,2018,landscape,0.1,0.008872337822373629,3,False,"{""0.01"": 0.013824706212533941, ""0.1"": 0.008872337822373629, ""1.0"": 0.011908549110819849}"
12m_20pct,2018,market_landscape,0.1,0.00605092676915512,3,False,"{""0.01"": 0.008855771766294126, ""0.1"": 0.00605092676915512, ""1.0"": 0.011755173005164732}"
12m_20pct,2018,delay,1.0,0.012022404767624182,3,False,"{""0.01"": 0.018039571911390846, ""0.1"": 0.013753338363416157, ""1.0"": 0.012022404767624182}"
12m_20pct,2018,market_delay,0.1,0.009510551991857094,3,False,"{""0.01"": 0.01372500436268471, ""0.1"": 0.009510551991857094, ""1.0"": 0.011924113477452933}"
12m_20pct,2018,diagram_kernel,"(10.0, 0.5)",0.006964634644587918,3,False,"{""(10.0, 0.5)"": 0.006964634644587918, ""(10.0, 1.0)"": 0.007066174038868489, ""(10.0, 2.0)"": 0.007307459695428836, ""(1.0, 0.5)"": 0.00950875805691985, ""(1.0, 1.0)"": 0.00970876493893112, ""(1.0, 2.0)"": 0.008935306837928432, ""(0.1, 0.5)"": 0.012014339133224092, ""(0.1, 1.0)"": 0.013507468384412318, ""(0.1, 2.0)"": 0.013819138588577501}"
12m_20pct,2018,market_kernel,"(10.0, 2.0)",0.01963684261100555,3,False,"{""(10.0, 0.5)"": 0.02060632314289561, ""(10.0, 1.0)"": 0.02167959533519002, ""(10.0, 2.0)"": 0.01963684261100555, ""(1.0, 0.5)"": 0.04359490268477768, ""(1.0, 1.0)"": 0.04051677493546623, ""(1.0, 2.0)"": 0.033244510634243246, ""(0.1, 0.5)"": 0.07139162804870704, ""(0.1, 1.0)"": 0.06518986078146123, ""(0.1, 2.0)"": 0.0562549782918976}"
12m_20pct,2019,base_rate,None,0.02454074605054285,3,False,"{""None"": 0.02454074605054285}"
12m_20pct,2019,raw_tda,1.0,0.004558264241149049,3,False,"{""0.01"": 0.011423325422546128, ""0.1"": 0.005574170021634409, ""1.0"": 0.004558264241149049}"
12m_20pct,2019,market,1.0,0.0057939694568052294,3,False,"{""0.01"": 0.010056604111555274, ""0.1"": 0.005883584960397266, ""1.0"": 0.0057939694568052294}"
12m_20pct,2019,landscape,0.1,0.005872465143314917,3,False,"{""0.01"": 0.011108982640000051, ""0.1"": 0.005872465143314917, ""1.0"": 0.006857089267838591}"
12m_20pct,2019,market_landscape,0.1,0.003402663251868748,3,False,"{""0.01"": 0.00614592290744807, ""0.1"": 0.003402663251868748, ""1.0"": 0.005683617774195959}"
12m_20pct,2019,delay,1.0,0.008448217396056737,3,False,"{""0.01"": 0.014430092988483993, ""0.1"": 0.010123151936898335, ""1.0"": 0.008448217396056737}"
12m_20pct,2019,market_delay,1.0,0.004295601840099271,3,False,"{""0.01"": 0.009861941454656685, ""0.1"": 0.005790223380744727, ""1.0"": 0.004295601840099271}"
12m_20pct,2019,diagram_kernel,"(10.0, 1.0)",0.004166540302133908,3,False,"{""(10.0, 0.5)"": 0.004433721634312836, ""(10.0, 1.0)"": 0.004166540302133908, ""(10.0, 2.0)"": 0.0043773624679668945, ""(1.0, 0.5)"": 0.004833019528555682, ""(1.0, 1.0)"": 0.004738081005457367, ""(1.0, 2.0)"": 0.004369705229120858, ""(0.1, 0.5)"": 0.005860150472245264, ""(0.1, 1.0)"": 0.006439982269468827, ""(0.1, 2.0)"": 0.006606204344081444}"
12m_20pct,2019,market_kernel,"(10.0, 2.0)",0.009734467845948645,3,False,"{""(10.0, 0.5)"": 0.01068342584282487, ""(10.0, 1.0)"": 0.010807577892545828, ""(10.0, 2.0)"": 0.009734467845948645, ""(1.0, 0.5)"": 0.022264445804533222, ""(1.0, 1.0)"": 0.019970744404388042, ""(1.0, 2.0)"": 0.016037364079270217, ""(0.1, 0.5)"": 0.03745825056091425, ""(0.1, 1.0)"": 0.03320326080380328, ""(0.1, 2.0)"": 0.02739174449131469}"
12m_20pct,2020,base_rate,None,0.02248743111106027,3,False,"{""None"": 0.02248743111106027}"
12m_20pct,2020,raw_tda,1.0,0.005120330286785101,3,False,"{""0.01"": 0.01142073644791594, ""0.1"": 0.006030966802419741, ""1.0"": 0.005120330286785101}"
12m_20pct,2020,market,0.1,0.010502870062529437,3,False,"{""0.01"": 0.012851595842910906, ""0.1"": 0.010502870062529437, ""1.0"": 0.010674877945626847}"
12m_20pct,2020,landscape,0.1,0.006485065157154289,3,False,"{""0.01"": 0.011480193502407617, ""0.1"": 0.006485065157154289, ""1.0"": 0.007607394442679696}"
12m_20pct,2020,market_landscape,0.1,0.00861913247602929,3,False,"{""0.01"": 0.00878979221927422, ""0.1"": 0.00861913247602929, ""1.0"": 0.01491310310448569}"
12m_20pct,2020,delay,0.1,0.014406869548401724,3,False,"{""0.01"": 0.015770187005871825, ""0.1"": 0.014406869548401724, ""1.0"": 0.01793340441493174}"
12m_20pct,2020,market_delay,0.1,0.01289937766484369,3,False,"{""0.01"": 0.0137442446338046, ""0.1"": 0.01289937766484369, ""1.0"": 0.017910968114540186}"
12m_20pct,2020,diagram_kernel,"(10.0, 0.5)",0.00720896284968878,3,False,"{""(10.0, 0.5)"": 0.00720896284968878, ""(10.0, 1.0)"": 0.007520796530594717, ""(10.0, 2.0)"": 0.007790312873344606, ""(1.0, 0.5)"": 0.00835049038108377, ""(1.0, 1.0)"": 0.008179954427661517, ""(1.0, 2.0)"": 0.0075593068477707226, ""(0.1, 0.5)"": 0.00947582995662885, ""(0.1, 1.0)"": 0.009721868858017726, ""(0.1, 2.0)"": 0.009324194502891315}"
12m_20pct,2020,market_kernel,"(10.0, 0.5)",0.016974419966773693,3,False,"{""(10.0, 0.5)"": 0.016974419966773693, ""(10.0, 1.0)"": 0.019207065664927758, ""(10.0, 2.0)"": 0.01887171856883021, ""(1.0, 0.5)"": 0.030202593617818577, ""(1.0, 1.0)"": 0.028513424537375806, ""(1.0, 2.0)"": 0.02576958947295692, ""(0.1, 0.5)"": 0.047775613513290606, ""(0.1, 1.0)"": 0.039757952102561035, ""(0.1, 2.0)"": 0.035225495853801796}"
12m_20pct,2021,base_rate,None,0.20434847923374141,3,False,"{""None"": 0.20434847923374141}"
12m_20pct,2021,raw_tda,0.01,0.21324548570779292,3,False,"{""0.01"": 0.21324548570779292, ""0.1"": 0.21963945555480924, ""1.0"": 0.21980127812404504}"
12m_20pct,2021,market,0.01,0.2253849279544835,3,False,"{""0.01"": 0.2253849279544835, ""0.1"": 0.23869894596445965, ""1.0"": 0.2431594696586105}"
12m_20pct,2021,landscape,0.01,0.215765924455398,3,False,"{""0.01"": 0.215765924455398, ""0.1"": 0.22276232891305167, ""1.0"": 0.22575273197295154}"
12m_20pct,2021,market_landscape,0.01,0.22966336837883974,3,False,"{""0.01"": 0.22966336837883974, ""0.1"": 0.24196306888877464, ""1.0"": 0.24737674717307276}"
12m_20pct,2021,delay,0.01,0.22002774071584005,3,False,"{""0.01"": 0.22002774071584005, ""0.1"": 0.22637304369639, ""1.0"": 0.23127673365846257}"
12m_20pct,2021,market_delay,0.01,0.2295373154532531,3,False,"{""0.01"": 0.2295373154532531, ""0.1"": 0.242632808691523, ""1.0"": 0.2544029992866735}"
12m_20pct,2021,diagram_kernel,"(10.0, 2.0)",0.2302843868753276,3,False,"{""(10.0, 0.5)"": 0.23195885846651879, ""(10.0, 1.0)"": 0.2331192892145251, ""(10.0, 2.0)"": 0.2302843868753276, ""(1.0, 0.5)"": 0.24656484578079899, ""(1.0, 1.0)"": 0.2456336482113198, ""(1.0, 2.0)"": 0.2430303432080746, ""(0.1, 0.5)"": 0.24862232784465246, ""(0.1, 1.0)"": 0.24660310351364892, ""(0.1, 2.0)"": 0.2429603135844863}"
12m_20pct,2021,market_kernel,"(10.0, 0.5)",0.24671034111012677,3,False,"{""(10.0, 0.5)"": 0.24671034111012677, ""(10.0, 1.0)"": 0.2517510223115675, ""(10.0, 2.0)"": 0.24894195155912993, ""(1.0, 0.5)"": 0.27159860785866236, ""(1.0, 1.0)"": 0.2701763429337137, ""(1.0, 2.0)"": 0.2627471682954812, ""(0.1, 0.5)"": 0.29708462270632313, ""(0.1, 1.0)"": 0.2828993079382708, ""(0.1, 2.0)"": 0.2771449612356467}"
12m_20pct,2022,base_rate,None,0.15106087520067077,3,False,"{""None"": 0.15106087520067077}"
12m_20pct,2022,raw_tda,0.01,0.18962094860501477,3,False,"{""0.01"": 0.18962094860501477, ""0.1"": 0.23679988097104254, ""1.0"": 0.2505598310587432}"
12m_20pct,2022,market,0.01,0.1837221302016345,3,False,"{""0.01"": 0.1837221302016345, ""0.1"": 0.22300971281792448, ""1.0"": 0.23352452324823644}"
12m_20pct,2022,landscape,0.01,0.18716458775920866,3,False,"{""0.01"": 0.18716458775920866, ""0.1"": 0.21542316518257906, ""1.0"": 0.21270553401853134}"
12m_20pct,2022,market_landscape,0.01,0.19753655623307634,3,False,"{""0.01"": 0.19753655623307634, ""0.1"": 0.21194262343950707, ""1.0"": 0.20886279794978505}"
12m_20pct,2022,delay,0.01,0.17173585055773433,3,False,"{""0.01"": 0.17173585055773433, ""0.1"": 0.18366586716022368, ""1.0"": 0.1922418335129994}"
12m_20pct,2022,market_delay,0.01,0.1883715947377553,3,False,"{""0.01"": 0.1883715947377553, ""0.1"": 0.23373837110805584, ""1.0"": 0.2702145556591956}"
12m_20pct,2022,diagram_kernel,"(10.0, 0.5)",0.17819874905323765,3,False,"{""(10.0, 0.5)"": 0.17819874905323765, ""(10.0, 1.0)"": 0.18889991964279015, ""(10.0, 2.0)"": 0.19477417540821074, ""(1.0, 0.5)"": 0.19699977367817326, ""(1.0, 1.0)"": 0.21222412744778948, ""(1.0, 2.0)"": 0.22287566198305706, ""(0.1, 0.5)"": 0.2014854333237417, ""(0.1, 1.0)"": 0.2171582497655662, ""(0.1, 2.0)"": 0.22639979673036792}"
12m_20pct,2022,market_kernel,"(10.0, 0.5)",0.18050069126794535,3,False,"{""(10.0, 0.5)"": 0.18050069126794535, ""(10.0, 1.0)"": 0.1861714116779025, ""(10.0, 2.0)"": 0.18848517878672388, ""(1.0, 0.5)"": 0.19989282924432614, ""(1.0, 1.0)"": 0.2028891068653046, ""(1.0, 2.0)"": 0.20487593936313928, ""(0.1, 0.5)"": 0.2192497392208467, ""(0.1, 1.0)"": 0.2149877455575906, ""(0.1, 2.0)"": 0.2107879468871248}"
12m_20pct,2023,base_rate,None,0.17484540649198518,3,False,"{""None"": 0.17484540649198518}"
12m_20pct,2023,raw_tda,0.01,0.21219071625274147,3,False,"{""0.01"": 0.21219071625274147, ""0.1"": 0.2595135397137571, ""1.0"": 0.2751840588548334}"
12m_20pct,2023,market,0.01,0.19977449634315236,3,False,"{""0.01"": 0.19977449634315236, ""0.1"": 0.22428412011477783, ""1.0"": 0.23124278672025536}"
12m_20pct,2023,landscape,0.01,0.20720581482107878,3,False,"{""0.01"": 0.20720581482107878, ""0.1"": 0.22977923066910821, ""1.0"": 0.22928778759021495}"
12m_20pct,2023,market_landscape,0.01,0.21095214594751854,3,False,"{""0.01"": 0.21095214594751854, ""0.1"": 0.2238633385955997, ""1.0"": 0.22367727562879616}"
12m_20pct,2023,delay,0.01,0.1913743346695671,3,False,"{""0.01"": 0.1913743346695671, ""0.1"": 0.20123527070265487, ""1.0"": 0.2100193710812505}"
12m_20pct,2023,market_delay,0.01,0.20393517713728723,3,False,"{""0.01"": 0.20393517713728723, ""0.1"": 0.23268515317018212, ""1.0"": 0.2572096058903533}"
12m_20pct,2023,diagram_kernel,"(10.0, 0.5)",0.20166206324127564,3,False,"{""(10.0, 0.5)"": 0.20166206324127564, ""(10.0, 1.0)"": 0.21235912888105302, ""(10.0, 2.0)"": 0.21628937431949505, ""(1.0, 0.5)"": 0.22805133548524523, ""(1.0, 1.0)"": 0.24228222186114332, ""(1.0, 2.0)"": 0.2480162873788021, ""(0.1, 0.5)"": 0.2364559589455196, ""(0.1, 1.0)"": 0.24975072612656116, ""(0.1, 2.0)"": 0.25544895426470454}"
12m_20pct,2023,market_kernel,"(10.0, 0.5)",0.2057665272810966,3,False,"{""(10.0, 0.5)"": 0.2057665272810966, ""(10.0, 1.0)"": 0.21003027679917807, ""(10.0, 2.0)"": 0.2114180531149239, ""(1.0, 0.5)"": 0.2189388352067365, ""(1.0, 1.0)"": 0.22154053091086545, ""(1.0, 2.0)"": 0.22367983759655977, ""(0.1, 0.5)"": 0.2270813996767511, ""(0.1, 1.0)"": 0.2245049747563536, ""(0.1, 2.0)"": 0.2238578748092616}"
12m_20pct,2024,base_rate,None,0.20395915079974614,3,False,"{""None"": 0.20395915079974614}"
12m_20pct,2024,raw_tda,0.01,0.23595636788010174,3,False,"{""0.01"": 0.23595636788010174, ""0.1"": 0.2714602149465895, ""1.0"": 0.28122745352293105}"
12m_20pct,2024,market,0.01,0.2452300568077345,3,False,"{""0.01"": 0.2452300568077345, ""0.1"": 0.2765875322101978, ""1.0"": 0.28364989919457534}"
12m_20pct,2024,landscape,0.01,0.2366457596722176,3,False,"{""0.01"": 0.2366457596722176, ""0.1"": 0.26778347964985977, ""1.0"": 0.274034770407843}"
12m_20pct,2024,market_landscape,0.01,0.25687981504648627,3,False,"{""0.01"": 0.25687981504648627, ""0.1"": 0.2824699638006298, ""1.0"": 0.28873461445020854}"
12m_20pct,2024,delay,0.01,0.22300496459847852,3,False,"{""0.01"": 0.22300496459847852, ""0.1"": 0.23812419413975752, ""1.0"": 0.24636173332694833}"
12m_20pct,2024,market_delay,0.01,0.24758477830122771,3,False,"{""0.01"": 0.24758477830122771, ""0.1"": 0.2812437958730653, ""1.0"": 0.29949189949199634}"
12m_20pct,2024,diagram_kernel,"(10.0, 0.5)",0.23416957230749802,3,False,"{""(10.0, 0.5)"": 0.23416957230749802, ""(10.0, 1.0)"": 0.24472805911208037, ""(10.0, 2.0)"": 0.2475933027136302, ""(1.0, 0.5)"": 0.2653584389740216, ""(1.0, 1.0)"": 0.2804663224513601, ""(1.0, 2.0)"": 0.2850902751682108, ""(0.1, 0.5)"": 0.27778592782580386, ""(0.1, 1.0)"": 0.2951755259182501, ""(0.1, 2.0)"": 0.3023245365979816}"
12m_20pct,2024,market_kernel,"(10.0, 0.5)",0.28279401936319215,3,False,"{""(10.0, 0.5)"": 0.28279401936319215, ""(10.0, 1.0)"": 0.2915419982418966, ""(10.0, 2.0)"": 0.2842480509669658, ""(1.0, 0.5)"": 0.3501337095082621, ""(1.0, 1.0)"": 0.34448905979747546, ""(1.0, 2.0)"": 0.32281231956662043, ""(0.1, 0.5)"": 0.36832266412269715, ""(0.1, 1.0)"": 0.367820165770973, ""(0.1, 2.0)"": 0.3412261565514753}"
12m_20pct,2025,base_rate,None,0.18180114129897199,3,False,"{""None"": 0.18180114129897199}"
12m_20pct,2025,raw_tda,0.01,0.2155820177072163,3,False,"{""0.01"": 0.2155820177072163, ""0.1"": 0.2506318326814991, ""1.0"": 0.26004115936773764}"
12m_20pct,2025,market,0.01,0.21589572658228662,3,False,"{""0.01"": 0.21589572658228662, ""0.1"": 0.24248549420280674, ""1.0"": 0.24947250675784952}"
12m_20pct,2025,landscape,0.01,0.2161846531523494,3,False,"{""0.01"": 0.2161846531523494, ""0.1"": 0.2432426124332402, ""1.0"": 0.24720009643834517}"
12m_20pct,2025,market_landscape,0.01,0.22866475694409374,3,False,"{""0.01"": 0.22866475694409374, ""0.1"": 0.24781999151415676, ""1.0"": 0.2509679097609776}"
12m_20pct,2025,delay,0.01,0.20072010404020454,3,False,"{""0.01"": 0.20072010404020454, ""0.1"": 0.21235124849442152, ""1.0"": 0.21840962080613924}"
12m_20pct,2025,market_delay,0.01,0.21894969950006082,3,False,"{""0.01"": 0.21894969950006082, ""0.1"": 0.2481513501166069, ""1.0"": 0.26639864181670314}"
12m_20pct,2025,diagram_kernel,"(10.0, 0.5)",0.21521284830624943,3,False,"{""(10.0, 0.5)"": 0.21521284830624943, ""(10.0, 1.0)"": 0.22528234047999685, ""(10.0, 2.0)"": 0.22754977012824842, ""(1.0, 0.5)"": 0.24720754898153904, ""(1.0, 1.0)"": 0.2602916108357631, ""(1.0, 2.0)"": 0.2636879777017453, ""(0.1, 0.5)"": 0.2601734185081783, ""(0.1, 1.0)"": 0.2759607783452916, ""(0.1, 2.0)"": 0.2825705725601338}"
12m_20pct,2025,market_kernel,"(10.0, 0.5)",0.24277584362116247,3,False,"{""(10.0, 0.5)"": 0.24277584362116247, ""(10.0, 1.0)"": 0.24996479030936103, ""(10.0, 2.0)"": 0.24577309236314382, ""(1.0, 0.5)"": 0.3004914115774861, ""(1.0, 1.0)"": 0.2962348529348029, ""(1.0, 2.0)"": 0.27973857663973595, ""(0.1, 0.5)"": 0.31872158844149956, ""(0.1, 1.0)"": 0.31820484471251725, ""(0.1, 2.0)"": 0.30015313729453824}"
12m_20pct,2026,base_rate,None,0.09194471601914088,3,False,"{""None"": 0.09194471601914088}"
12m_20pct,2026,raw_tda,0.01,0.11818552570111886,3,False,"{""0.01"": 0.11818552570111886, ""0.1"": 0.14868836045715444, ""1.0"": 0.15771913547352756}"
12m_20pct,2026,market,0.01,0.10864355793992532,3,False,"{""0.01"": 0.10864355793992532, ""0.1"": 0.12876058252343248, ""1.0"": 0.1343299467746908}"
12m_20pct,2026,landscape,0.01,0.11545473716542687,3,False,"{""0.01"": 0.11545473716542687, ""0.1"": 0.13452334880891223, ""1.0"": 0.13524710330119286}"
12m_20pct,2026,market_landscape,0.01,0.11738205006446613,3,False,"{""0.01"": 0.11738205006446613, ""0.1"": 0.12856975767024348, ""1.0"": 0.12921666977010907}"
12m_20pct,2026,delay,0.01,0.09867331896864089,3,False,"{""0.01"": 0.09867331896864089, ""0.1"": 0.10459866210087186, ""1.0"": 0.10833503408866751}"
12m_20pct,2026,market_delay,0.01,0.10958887889652676,3,False,"{""0.01"": 0.10958887889652676, ""0.1"": 0.13273066665705785, ""1.0"": 0.14781290788679258}"
12m_20pct,2026,diagram_kernel,"(10.0, 0.5)",0.10821042181177785,3,False,"{""(10.0, 0.5)"": 0.10821042181177785, ""(10.0, 1.0)"": 0.11813162657859444, ""(10.0, 2.0)"": 0.12178505918458417, ""(1.0, 0.5)"": 0.13295015668398044, ""(1.0, 1.0)"": 0.14658625808819584, ""(1.0, 2.0)"": 0.1512843399322144, ""(0.1, 0.5)"": 0.1444074076622657, ""(0.1, 1.0)"": 0.16079426288173193, ""(0.1, 2.0)"": 0.1683819795025059}"
12m_20pct,2026,market_kernel,"(10.0, 0.5)",0.1229365614104302,3,False,"{""(10.0, 0.5)"": 0.1229365614104302, ""(10.0, 1.0)"": 0.12764314780782623, ""(10.0, 2.0)"": 0.12480389091699295, ""(1.0, 0.5)"": 0.16236168836634923, ""(1.0, 1.0)"": 0.1584953330878238, ""(1.0, 2.0)"": 0.14850048684399478, ""(0.1, 0.5)"": 0.17425340329612327, ""(0.1, 1.0)"": 0.17535515242888, ""(0.1, 2.0)"": 0.1586976706009969}"
6m_15pct,2003,base_rate,None,,0,True,"{""None"": null}"
6m_15pct,2003,raw_tda,0.1,,0,True,"{""0.01"": null, ""0.1"": null, ""1.0"": null}"
6m_15pct,2003,market,0.1,,0,True,"{""0.01"": null, ""0.1"": null, ""1.0"": null}"
6m_15pct,2003,landscape,0.1,,0,True,"{""0.01"": null, ""0.1"": null, ""1.0"": null}"
6m_15pct,2003,market_landscape,0.1,,0,True,"{""0.01"": null, ""0.1"": null, ""1.0"": null}"
6m_15pct,2003,delay,0.1,,0,True,"{""0.01"": null, ""0.1"": null, ""1.0"": null}"
6m_15pct,2003,market_delay,0.1,,0,True,"{""0.01"": null, ""0.1"": null, ""1.0"": null}"
6m_15pct,2003,diagram_kernel,"(1.0, 1.0)",,0,True,"{""(10.0, 0.5)"": null, ""(10.0, 1.0)"": null, ""(10.0, 2.0)"": null, ""(1.0, 0.5)"": null, ""(1.0, 1.0)"": null, ""(1.0, 2.0)"": null, ""(0.1, 0.5)"": null, ""(0.1, 1.0)"": null, ""(0.1, 2.0)"": null}"
6m_15pct,2003,market_kernel,"(1.0, 1.0)",,0,True,"{""(10.0, 0.5)"": null, ""(10.0, 1.0)"": null, ""(10.0, 2.0)"": null, ""(1.0, 0.5)"": null, ""(1.0, 1.0)"": null, ""(1.0, 2.0)"": null, ""(0.1, 0.5)"": null, ""(0.1, 1.0)"": null, ""(0.1, 2.0)"": null}"
6m_15pct,2004,base_rate,None,0.33345930964978593,1,False,"{""None"": 0.33345930964978593}"
6m_15pct,2004,raw_tda,0.01,0.33266451005490133,1,False,"{""0.01"": 0.33266451005490133, ""0.1"": 0.34002120845889805, ""1.0"": 0.3496964553864388}"
6m_15pct,2004,market,0.01,0.295736162125885,1,False,"{""0.01"": 0.295736162125885, ""0.1"": 0.3406791311423721, ""1.0"": 0.3780118256675704}"
6m_15pct,2004,landscape,0.1,0.3127376853278384,1,False,"{""0.01"": 0.32701799893456773, ""0.1"": 0.3127376853278384, ""1.0"": 0.33098767357382924}"
6m_15pct,2004,market_landscape,0.01,0.29637765908184077,1,False,"{""0.01"": 0.29637765908184077, ""0.1"": 0.3765714277436051, ""1.0"": 0.507427752477292}"
6m_15pct,2004,delay,0.01,0.3342501651379663,1,False,"{""0.01"": 0.3342501651379663, ""0.1"": 0.4226001217005495, ""1.0"": 0.5723258279189958}"
6m_15pct,2004,market_delay,0.01,0.31084156704649457,1,False,"{""0.01"": 0.31084156704649457, ""0.1"": 0.3831069544174851, ""1.0"": 0.3608550742694254}"
6m_15pct,2004,diagram_kernel,"(10.0, 2.0)",0.3156989807867257,1,False,"{""(10.0, 0.5)"": 0.3299462989190776, ""(10.0, 1.0)"": 0.32134479208427114, ""(10.0, 2.0)"": 0.3156989807867257, ""(1.0, 0.5)"": 0.34622661240569436, ""(1.0, 1.0)"": 0.3590677110966791, ""(1.0, 2.0)"": 0.35171189642857437, ""(0.1, 0.5)"": 0.37617677968718843, ""(0.1, 1.0)"": 0.39960203533911753, ""(0.1, 2.0)"": 0.40056695599637165}"
6m_15pct,2004,market_kernel,"(1.0, 1.0)",0.2378115602362048,1,False,"{""(10.0, 0.5)"": 0.3031846647823581, ""(10.0, 1.0)"": 0.2731570482732055, ""(10.0, 2.0)"": 0.2610014264833232, ""(1.0, 0.5)"": 0.2549336394100482, ""(1.0, 1.0)"": 0.2378115602362048, ""(1.0, 2.0)"": 0.26440893032776336, ""(0.1, 0.5)"": 0.260801464985976, ""(0.1, 1.0)"": 0.3055522941384732, ""(0.1, 2.0)"": 0.3855812062355004}"
6m_15pct,2005,base_rate,None,0.018684333109052334,1,False,"{""None"": 0.018684333109052334}"
6m_15pct,2005,raw_tda,1.0,0.009991729698815491,1,False,"{""0.01"": 0.016087916886155046, ""0.1"": 0.011446770872293776, ""1.0"": 0.009991729698815491}"
6m_15pct,2005,market,0.01,0.036484904198514356,1,False,"{""0.01"": 0.036484904198514356, ""0.1"": 0.10286016207897757, ""1.0"": 0.13304899410331378}"
6m_15pct,2005,landscape,0.01,0.027881427430367797,1,False,"{""0.01"": 0.027881427430367797, ""0.1"": 0.09505980123011541, ""1.0"": 0.24441293224036414}"
6m_15pct,2005,market_landscape,0.01,0.045700752437941215,1,False,"{""0.01"": 0.045700752437941215, ""0.1"": 0.15504187792366203, ""1.0"": 0.24215692499938765}"
6m_15pct,2005,delay,0.01,0.04065637433489069,1,False,"{""0.01"": 0.04065637433489069, ""0.1"": 0.20275624831669145, ""1.0"": 0.29131950165817355}"
6m_15pct,2005,market_delay,0.01,0.08090408313577488,1,False,"{""0.01"": 0.08090408313577488, ""0.1"": 0.21330254387412348, ""1.0"": 0.2688843520372267}"
6m_15pct,2005,diagram_kernel,"(10.0, 0.5)",0.015013029216985833,1,False,"{""(10.0, 0.5)"": 0.015013029216985833, ""(10.0, 1.0)"": 0.016746047185476884, ""(10.0, 2.0)"": 0.017092337121933643, ""(1.0, 0.5)"": 0.019617419646249405, ""(1.0, 1.0)"": 0.01964735374087024, ""(1.0, 2.0)"": 0.01955986488347524, ""(0.1, 0.5)"": 0.019593145814951248, ""(0.1, 1.0)"": 0.01973310025829154, ""(0.1, 2.0)"": 0.020696810049718396}"
6m_15pct,2005,market_kernel,"(10.0, 0.5)",0.023600983476702933,1,False,"{""(10.0, 0.5)"": 0.023600983476702933, ""(10.0, 1.0)"": 0.036323653003124116, ""(10.0, 2.0)"": 0.04513074655221466, ""(1.0, 0.5)"": 0.05347550155523794, ""(1.0, 1.0)"": 0.07296817040554086, ""(1.0, 2.0)"": 0.09299371722216665, ""(0.1, 0.5)"": 0.05575677501085779, ""(0.1, 1.0)"": 0.059466159011623394, ""(0.1, 2.0)"": 0.0850125639764391}"
6m_15pct,2006,base_rate,None,0.1346061382041686,2,False,"{""None"": 0.1346061382041686}"
6m_15pct,2006,raw_tda,0.1,0.13231933353651668,2,False,"{""0.01"": 0.13255135612862642, ""0.1"": 0.13231933353651668, ""1.0"": 0.13483673193106258}"
6m_15pct,2006,market,0.01,0.11743801249878441,2,False,"{""0.01"": 0.11743801249878441, ""0.1"": 0.12994705872555568, ""1.0"": 0.14270077217740726}"
6m_15pct,2006,landscape,0.01,0.13464084930312933,2,False,"{""0.01"": 0.13464084930312933, ""0.1"": 0.1432424026233495, ""1.0"": 0.17021408205424066}"
6m_15pct,2006,market_landscape,0.01,0.11906225728320521,2,False,"{""0.01"": 0.11906225728320521, ""0.1"": 0.14771836057278184, ""1.0"": 0.19997720937708072}"
6m_15pct,2006,delay,0.01,0.13378564256047093,2,False,"{""0.01"": 0.13378564256047093, ""0.1"": 0.16431395707125301, ""1.0"": 0.21864907645759238}"
6m_15pct,2006,market_delay,0.01,0.12278343843813462,2,False,"{""0.01"": 0.12278343843813462, ""0.1"": 0.1466742863283625, ""1.0"": 0.13990310524818966}"
6m_15pct,2006,diagram_kernel,"(10.0, 2.0)",0.120486312945066,2,False,"{""(10.0, 0.5)"": 0.12549782831682937, ""(10.0, 1.0)"": 0.12217204115866226, ""(10.0, 2.0)"": 0.120486312945066, ""(1.0, 0.5)"": 0.13055399941763865, ""(1.0, 1.0)"": 0.13528626642627747, ""(1.0, 2.0)"": 0.1325687963365479, ""(0.1, 0.5)"": 0.14169898102587034, ""(0.1, 1.0)"": 0.15047165929239087, ""(0.1, 2.0)"": 0.15089649799969687}"
6m_15pct,2006,market_kernel,"(1.0, 1.0)",0.09034623093891782,2,False,"{""(10.0, 0.5)"": 0.1158864103209762, ""(10.0, 1.0)"": 0.10542898109132433, ""(10.0, 2.0)"": 0.10191729754060522, ""(1.0, 0.5)"": 0.09649834717965301, ""(1.0, 1.0)"": 0.09034623093891782, ""(1.0, 2.0)"": 0.10095858746869021, ""(0.1, 0.5)"": 0.09920992889299995, ""(0.1, 1.0)"": 0.11544601942101884, ""(0.1, 2.0)"": 0.1459713888162676}"
6m_15pct,2007,base_rate,None,0.016869736278640735,2,False,"{""None"": 0.016869736278640735}"
6m_15pct,2007,raw_tda,1.0,0.006719458704975352,2,False,"{""0.01"": 0.013152246417459507, ""0.1"": 0.008071983864880488, ""1.0"": 0.006719458704975352}"
6m_15pct,2007,market,0.01,0.020087059395657685,2,False,"{""0.01"": 0.020087059395657685, ""0.1"": 0.04054277854259073, ""1.0"": 0.0508422778124172}"
6m_15pct,2007,landscape,0.01,0.020516516707445392,2,False,"{""0.01"": 0.020516516707445392, ""0.1"": 0.05592912396963236, ""1.0"": 0.13967073566594237}"
6m_15pct,2007,market_landscape,0.01,0.023923110399639326,2,False,"{""0.01"": 0.023923110399639326, ""0.1"": 0.0641116426680124, ""1.0"": 0.10203399884854464}"
6m_15pct,2007,delay,0.01,0.022672275698913665,2,False,"{""0.01"": 0.022672275698913665, ""0.1"": 0.0786803958882235, ""1.0"": 0.11009778215153831}"
6m_15pct,2007,market_delay,0.01,0.03576063962004282,2,False,"{""0.01"": 0.03576063962004282, ""0.1"": 0.08158495803619865, ""1.0"": 0.10171241194191474}"
6m_15pct,2007,diagram_kernel,"(10.0, 0.5)",0.00624357985254056,2,False,"{""(10.0, 0.5)"": 0.00624357985254056, ""(10.0, 1.0)"": 0.0068041487735732665, ""(10.0, 2.0)"": 0.007260955849585008, ""(1.0, 0.5)"": 0.007397425344784973, ""(1.0, 1.0)"": 0.007418752964735174, ""(1.0, 2.0)"": 0.007405681789838799, ""(0.1, 0.5)"": 0.0073790911228804705, ""(0.1, 1.0)"": 0.007506778988355988, ""(0.1, 2.0)"": 0.00798528321613505}"
6m_15pct,2007,market_kernel,"(10.0, 0.5)",0.01067375394992623,2,False,"{""(10.0, 0.5)"": 0.01067375394992623, ""(10.0, 1.0)"": 0.016290229875382846, ""(10.0, 2.0)"": 0.020714262792628897, ""(1.0, 0.5)"": 0.02107518620377844, ""(1.0, 1.0)"": 0.029346135941293056, ""(1.0, 2.0)"": 0.03739372656333622, ""(0.1, 0.5)"": 0.021092557315781805, ""(0.1, 1.0)"": 0.023031728845039397, ""(0.1, 2.0)"": 0.034449783352640886}"
6m_15pct,2008,base_rate,None,0.09409116696604437,3,False,"{""None"": 0.09409116696604437}"
6m_15pct,2008,raw_tda,0.1,0.08915070749696073,3,False,"{""0.01"": 0.09100476243154092, ""0.1"": 0.08915070749696073, ""1.0"": 0.0904580607194907}"
6m_15pct,2008,market,0.01,0.08044243528541949,3,False,"{""0.01"": 0.08044243528541949, ""0.1"": 0.08716976198948097, ""1.0"": 0.09540261097780013}"
6m_15pct,2008,landscape,0.01,0.09252613412459475,3,False,"{""0.01"": 0.09252613412459475, ""0.1"": 0.0959943069220421, ""1.0"": 0.11227763243945588}"
6m_15pct,2008,market_landscape,0.01,0.08089852857140452,3,False,"{""0.01"": 0.08089852857140452, ""0.1"": 0.09878755123424145, ""1.0"": 0.13344934045286086}"
6m_15pct,2008,delay,0.01,0.09199629539844699,3,False,"{""0.01"": 0.09199629539844699, ""0.1"": 0.11031479454440256, ""1.0"": 0.14598378515096289}"
6m_15pct,2008,market_delay,0.01,0.08353408316349599,3,False,"{""0.01"": 0.08353408316349599, ""0.1"": 0.09814693589648883, ""1.0"": 0.09330482235043469}"
6m_15pct,2008,diagram_kernel,"(10.0, 2.0)",0.08040137221440354,3,False,"{""(10.0, 0.5)"": 0.0837296830400483, ""(10.0, 1.0)"": 0.08144456322157206, ""(10.0, 2.0)"": 0.08040137221440354, ""(1.0, 0.5)"": 0.08697643049823361, ""(1.0, 1.0)"": 0.09013081994379468, ""(1.0, 2.0)"": 0.08831674666098625, ""(0.1, 0.5)"": 0.09441609783383498, ""(0.1, 1.0)"": 0.10029574783034201, ""(0.1, 2.0)"": 0.10063279274878678}"
6m_15pct,2008,market_kernel,"(1.0, 1.0)",0.061027392600394866,3,False,"{""(10.0, 0.5)"": 0.07813851567528846, ""(10.0, 1.0)"": 0.07112163062254993, ""(10.0, 2.0)"": 0.06883323291873049, ""(1.0, 0.5)"": 0.0648629565914008, ""(1.0, 1.0)"": 0.061027392600394866, ""(1.0, 2.0)"": 0.06810767996603569, ""(0.1, 0.5)"": 0.06631470145266159, ""(0.1, 1.0)"": 0.07725991191115232, ""(0.1, 2.0)"": 0.0981749926142005}"
6m_15pct,2009,base_rate,None,0.08784608223654199,3,False,"{""None"": 0.08784608223654199}"
6m_15pct,2009,raw_tda,1.0,0.08149107780420334,3,False,"{""0.01"": 0.08587758569575427, ""0.1"": 0.08332315389872491, ""1.0"": 0.08149107780420334}"
6m_15pct,2009,market,0.01,0.08688076767612629,3,False,"{""0.01"": 0.08688076767612629, ""0.1"": 0.10174864828540109, ""1.0"": 0.11100166946052992}"
6m_15pct,2009,landscape,0.01,0.08997130607834923,3,False,"{""0.01"": 0.08997130607834923, ""0.1"": 0.11252861839341177, ""1.0"": 0.16644630583218523}"
6m_15pct,2009,market_landscape,0.01,0.08985150455498096,3,False,"{""0.01"": 0.08985150455498096, ""0.1"": 0.11739515918661673, ""1.0"": 0.14566882661087635}"
6m_15pct,2009,delay,0.01,0.09295268615426365,3,False,"{""0.01"": 0.09295268615426365, ""0.1"": 0.13488645462126814, ""1.0"": 0.1638927738724739}"
6m_15pct,2009,market_delay,0.01,0.10025916820685271,3,False,"{""0.01"": 0.10025916820685271, ""0.1"": 0.13864538881046481, ""1.0"": 0.15997119083010644}"
6m_15pct,2009,diagram_kernel,"(10.0, 2.0)",0.08288078439255912,3,False,"{""(10.0, 0.5)"": 0.08383560064923072, ""(10.0, 1.0)"": 0.0833148626573498, ""(10.0, 2.0)"": 0.08288078439255912, ""(1.0, 0.5)"": 0.08564011215758265, ""(1.0, 1.0)"": 0.08566442174435818, ""(1.0, 2.0)"": 0.08553545345313064, ""(0.1, 0.5)"": 0.08640959260092411, ""(0.1, 1.0)"": 0.08757955524957832, ""(0.1, 2.0)"": 0.08854523466389036}"
6m_15pct,2009,market_kernel,"(10.0, 0.5)",0.08142044965135642,3,False,"{""(10.0, 0.5)"": 0.08142044965135642, ""(10.0, 1.0)"": 0.08278275921277044, ""(10.0, 2.0)"": 0.08408905818845269, ""(1.0, 0.5)"": 0.0978746155937783, ""(1.0, 1.0)"": 0.0997070322723362, ""(1.0, 2.0)"": 0.10005116920397712, ""(0.1, 0.5)"": 0.1139749636764073, ""(0.1, 1.0)"": 0.11059065942633856, ""(0.1, 2.0)"": 0.10961399101954823}"
6m_15pct,2010,base_rate,None,0.18295896039157297,3,False,"{""None"": 0.18295896039157297}"
6m_15pct,2010,raw_tda,1.0,0.14579540139617392,3,False,"{""0.01"": 0.1714611450010164, ""0.1"": 0.1548601747286935, ""1.0"": 0.14579540139617392}"
6m_15pct,2010,market,0.01,0.1327119536274488,3,False,"{""0.01"": 0.1327119536274488, ""0.1"": 0.14947714067699922, ""1.0"": 0.16601544902474655}"
6m_15pct,2010,landscape,0.1,0.16382669283677798,3,False,"{""0.01"": 0.17343970100462938, ""0.1"": 0.16382669283677798, ""1.0"": 0.1671307758717293}"
6m_15pct,2010,market_landscape,0.01,0.13095871898905365,3,False,"{""0.01"": 0.13095871898905365, ""0.1"": 0.14087790897818916, ""1.0"": 0.15643316609583838}"
6m_15pct,2010,delay,0.01,0.16617592847600818,3,False,"{""0.01"": 0.16617592847600818, ""0.1"": 0.19650947041792266, ""1.0"": 0.219504678502664}"
6m_15pct,2010,market_delay,0.01,0.14390907221301,3,False,"{""0.01"": 0.14390907221301, ""0.1"": 0.17315730852396935, ""1.0"": 0.1885566988373598}"
6m_15pct,2010,diagram_kernel,"(10.0, 2.0)",0.16269162375903623,3,False,"{""(10.0, 0.5)"": 0.17382732152500646, ""(10.0, 1.0)"": 0.16735964510382054, ""(10.0, 2.0)"": 0.16269162375903623, ""(1.0, 0.5)"": 0.17096802841420425, ""(1.0, 1.0)"": 0.16852484060094305, ""(1.0, 2.0)"": 0.16681353586249267, ""(0.1, 0.5)"": 0.17250907876776564, ""(0.1, 1.0)"": 0.17536652124333718, ""(0.1, 2.0)"": 0.17959527900065253}"
6m_15pct,2010,market_kernel,"(1.0, 2.0)",0.14485027207070958,3,False,"{""(10.0, 0.5)"": 0.15799920675311505, ""(10.0, 1.0)"": 0.1521443442099667, ""(10.0, 2.0)"": 0.14910714332073394, ""(1.0, 0.5)"": 0.15393442790864612, ""(1.0, 1.0)"": 0.14836215098404784, ""(1.0, 2.0)"": 0.14485027207070958, ""(0.1, 0.5)"": 0.16839784151240025, ""(0.1, 1.0)"": 0.1608069264793688, ""(0.1, 2.0)"": 0.1473802640196331}"
6m_15pct,2011,base_rate,None,0.14773900363536885,3,False,"{""None"": 0.14773900363536885}"
6m_15pct,2011,raw_tda,1.0,0.12065681110826154,3,False,"{""0.01"": 0.138897788948264, ""0.1"": 0.1262500362293541, ""1.0"": 0.12065681110826154}"
6m_15pct,2011,market,0.01,0.11896963742896231,3,False,"{""0.01"": 0.11896963742896231, ""0.1"": 0.14760771113316387, ""1.0"": 0.1622665087106988}"
6m_15pct,2011,landscape,1.0,0.12348642783442489,3,False,"{""0.01"": 0.13924294876106094, ""0.1"": 0.12631933313832308, ""1.0"": 0.12348642783442489}"
6m_15pct,2011,market_landscape,0.01,0.11588869640849336,3,False,"{""0.01"": 0.11588869640849336, ""0.1"": 0.13790929920000541, ""1.0"": 0.15379577020208937}"
6m_15pct,2011,delay,0.01,0.1458706108897644,3,False,"{""0.01"": 0.1458706108897644, ""0.1"": 0.20726605214499436, ""1.0"": 0.2518115577414483}"
6m_15pct,2011,market_delay,0.01,0.14156145386418492,3,False,"{""0.01"": 0.14156145386418492, ""0.1"": 0.19184473355315665, ""1.0"": 0.21921560561755596}"
6m_15pct,2011,diagram_kernel,"(10.0, 2.0)",0.13464521206414148,3,False,"{""(10.0, 0.5)"": 0.14173636453237506, ""(10.0, 1.0)"": 0.13792854961126333, ""(10.0, 2.0)"": 0.13464521206414148, ""(1.0, 0.5)"": 0.14298540987000682, ""(1.0, 1.0)"": 0.14233051430685115, ""(1.0, 2.0)"": 0.14101409361508785, ""(0.1, 0.5)"": 0.14623694124487915, ""(0.1, 1.0)"": 0.15029943944950636, ""(0.1, 2.0)"": 0.15432866883678387}"
6m_15pct,2011,market_kernel,"(0.1, 2.0)",0.12891771395187063,3,False,"{""(10.0, 0.5)"": 0.1328400707885618, ""(10.0, 1.0)"": 0.13061378074233224, ""(10.0, 2.0)"": 0.12970434178462134, ""(1.0, 0.5)"": 0.13308768441638513, ""(1.0, 1.0)"": 0.130061498192054, ""(1.0, 2.0)"": 0.1297355461021412, ""(0.1, 0.5)"": 0.14936828287612164, ""(0.1, 1.0)"": 0.13880259064566547, ""(0.1, 2.0)"": 0.12891771395187063}"
6m_15pct,2012,base_rate,None,0.2130035581247848,3,False,"{""None"": 0.2130035581247848}"
6m_15pct,2012,raw_tda,1.0,0.20346863644389054,3,False,"{""0.01"": 0.2108339931756971, ""0.1"": 0.20681266950030164, ""1.0"": 0.20346863644389054}"
6m_15pct,2012,market,0.01,0.18618419654859233,3,False,"{""0.01"": 0.18618419654859233, ""0.1"": 0.20696103531770446, ""1.0"": 0.22123137781731902}"
6m_15pct,2012,landscape,1.0,0.1957545549794207,3,False,"{""0.01"": 0.2081483707468271, ""0.1"": 0.19870390022983778, ""1.0"": 0.1957545549794207}"
6m_15pct,2012,market_landscape,0.01,0.18460371807012352,3,False,"{""0.01"": 0.18460371807012352, ""0.1"": 0.19714843146200758, ""1.0"": 0.20881222506868405}"
6m_15pct,2012,delay,0.01,0.20637525486995253,3,False,"{""0.01"": 0.20637525486995253, ""0.1"": 0.24876826380819417, ""1.0"": 0.2902038972332666}"
6m_15pct,2012,market_delay,0.01,0.19679072939667774,3,False,"{""0.01"": 0.19679072939667774, ""0.1"": 0.23649101879476056, ""1.0"": 0.2568019191772842}"
6m_15pct,2012,diagram_kernel,"(10.0, 2.0)",0.21314043467108132,3,False,"{""(10.0, 0.5)"": 0.22301568464057517, ""(10.0, 1.0)"": 0.21812697904121184, ""(10.0, 2.0)"": 0.21314043467108132, ""(1.0, 0.5)"": 0.22403839911435516, ""(1.0, 1.0)"": 0.22155621663938216, ""(1.0, 2.0)"": 0.21997216437942835, ""(0.1, 0.5)"": 0.2253972368580859, ""(0.1, 1.0)"": 0.22636017918902027, ""(0.1, 2.0)"": 0.2286471012349539}"
6m_15pct,2012,market_kernel,"(0.1, 2.0)",0.20973479734988865,3,False,"{""(10.0, 0.5)"": 0.21401978793660317, ""(10.0, 1.0)"": 0.21529729051008148, ""(10.0, 2.0)"": 0.21322997512630834, ""(1.0, 0.5)"": 0.21067679187297203, ""(1.0, 1.0)"": 0.21479461918816187, ""(1.0, 2.0)"": 0.21839711645524051, ""(0.1, 0.5)"": 0.21525297178896277, ""(0.1, 1.0)"": 0.21210581705425727, ""(0.1, 2.0)"": 0.20973479734988865}"
6m_15pct,2013,base_rate,None,0.21670801240464455,3,False,"{""None"": 0.21670801240464455}"
6m_15pct,2013,raw_tda,1.0,0.21067818108244799,3,False,"{""0.01"": 0.2159446456972062, ""0.1"": 0.21257412734384826, ""1.0"": 0.21067818108244799}"
6m_15pct,2013,market,0.01,0.19845839690774417,3,False,"{""0.01"": 0.19845839690774417, ""0.1"": 0.22723537761871485, ""1.0"": 0.24268652554997625}"
6m_15pct,2013,landscape,1.0,0.2032249097779865,3,False,"{""0.01"": 0.2136800535059813, ""0.1"": 0.205560637385781, ""1.0"": 0.2032249097779865}"
6m_15pct,2013,market_landscape,0.01,0.1967439760812413,3,False,"{""0.01"": 0.1967439760812413, ""0.1"": 0.2156290266047003, ""1.0"": 0.22741177946162713}"
6m_15pct,2013,delay,0.01,0.223560741561217,3,False,"{""0.01"": 0.223560741561217, ""0.1"": 0.2726005359849769, ""1.0"": 0.30917255004909133}"
6m_15pct,2013,market_delay,0.01,0.21638727753209644,3,False,"{""0.01"": 0.21638727753209644, ""0.1"": 0.2564717927970001, ""1.0"": 0.28563307098755714}"
6m_15pct,2013,diagram_kernel,"(10.0, 2.0)",0.22365588170153838,3,False,"{""(10.0, 0.5)"": 0.23144753902772808, ""(10.0, 1.0)"": 0.22818903719516945, ""(10.0, 2.0)"": 0.22365588170153838, ""(1.0, 0.5)"": 0.23499489969186035, ""(1.0, 1.0)"": 0.23323182777022564, ""(1.0, 2.0)"": 0.23188372770598809, ""(0.1, 0.5)"": 0.23701448109104373, ""(0.1, 1.0)"": 0.23872154190766037, ""(0.1, 2.0)"": 0.2414140846322812}"
6m_15pct,2013,market_kernel,"(0.1, 2.0)",0.22232216415353964,3,False,"{""(10.0, 0.5)"": 0.2242640014945402, ""(10.0, 1.0)"": 0.22826798866123413, ""(10.0, 2.0)"": 0.22790056437062392, ""(1.0, 0.5)"": 0.22562205178378378, ""(1.0, 1.0)"": 0.2292822099617001, ""(1.0, 2.0)"": 0.23482116627617686, ""(0.1, 0.5)"": 0.2436546856191101, ""(0.1, 1.0)"": 0.22986491110620255, ""(0.1, 2.0)"": 0.22232216415353964}"
6m_15pct,2014,base_rate,None,0.17819628251083733,3,False,"{""None"": 0.17819628251083733}"
6m_15pct,2014,raw_tda,1.0,0.1585430287755961,3,False,"{""0.01"": 0.17190761612968278, ""0.1"": 0.16350852656109924, ""1.0"": 0.1585430287755961}"
6m_15pct,2014,market,0.01,0.14791316196326124,3,False,"{""0.01"": 0.14791316196326124, ""0.1"": 0.16787742516273266, ""1.0"": 0.18272828404194233}"
6m_15pct,2014,landscape,1.0,0.15482798608913143,3,False,"{""0.01"": 0.17090487273097096, ""0.1"": 0.15939776543796988, ""1.0"": 0.15482798608913143}"
6m_15pct,2014,market_landscape,0.01,0.14526969697673486,3,False,"{""0.01"": 0.14526969697673486, ""0.1"": 0.15545261247368963, ""1.0"": 0.165100328514535}"
6m_15pct,2014,delay,0.01,0.17346809675634148,3,False,"{""0.01"": 0.17346809675634148, ""0.1"": 0.21575465795480678, ""1.0"": 0.25491931711640897}"
6m_15pct,2014,market_delay,0.01,0.15882387512266508,3,False,"{""0.01"": 0.15882387512266508, ""0.1"": 0.19351034816383528, ""1.0"": 0.21735965572673532}"
6m_15pct,2014,diagram_kernel,"(10.0, 2.0)",0.1719598612253682,3,False,"{""(10.0, 0.5)"": 0.1801070182019484, ""(10.0, 1.0)"": 0.17595954022116334, ""(10.0, 2.0)"": 0.1719598612253682, ""(1.0, 0.5)"": 0.1801177609784965, ""(1.0, 1.0)"": 0.17744344031424883, ""(1.0, 2.0)"": 0.17577771236978945, ""(0.1, 0.5)"": 0.18230222653790903, ""(0.1, 1.0)"": 0.1829731994941719, ""(0.1, 2.0)"": 0.1849179055486351}"
6m_15pct,2014,market_kernel,"(0.1, 2.0)",0.1706271379597977,3,False,"{""(10.0, 0.5)"": 0.17298145621625938, ""(10.0, 1.0)"": 0.174056551800962, ""(10.0, 2.0)"": 0.1732575137555266, ""(1.0, 0.5)"": 0.17541078555930248, ""(1.0, 1.0)"": 0.17374611371853002, ""(1.0, 2.0)"": 0.1759427293275975, ""(0.1, 0.5)"": 0.20350790923303252, ""(0.1, 1.0)"": 0.18724967876565404, ""(0.1, 2.0)"": 0.1706271379597977}"
6m_15pct,2015,base_rate,None,0.0788453707233907,3,False,"{""None"": 0.0788453707233907}"
6m_15pct,2015,raw_tda,1.0,0.07766781160327314,3,False,"{""0.01"": 0.07861883874981676, ""0.1"": 0.07834775309130872, ""1.0"": 0.07766781160327314}"
6m_15pct,2015,market,0.01,0.08984143958339769,3,False,"{""0.01"": 0.08984143958339769, ""0.1"": 0.12467416603062413, ""1.0"": 0.13540320534895198}"
6m_15pct,2015,landscape,0.1,0.07750711366993693,3,False,"{""0.01"": 0.0780690778447623, ""0.1"": 0.07750711366993693, ""1.0"": 0.07855743029537539}"
6m_15pct,2015,market_landscape,0.01,0.08790078854864519,3,False,"{""0.01"": 0.08790078854864519, ""0.1"": 0.11504069472548924, ""1.0"": 0.12709338227736344}"
6m_15pct,2015,delay,0.01,0.09404998808501429,3,False,"{""0.01"": 0.09404998808501429, ""0.1"": 0.15532022001604162, ""1.0"": 0.18429531001036148}"
6m_15pct,2015,market_delay,0.01,0.10773840132459007,3,False,"{""0.01"": 0.10773840132459007, ""0.1"": 0.14786900718255297, ""1.0"": 0.16528669658328604}"
6m_15pct,2015,diagram_kernel,"(10.0, 0.5)",0.08312239910187028,3,False,"{""(10.0, 0.5)"": 0.08312239910187028, ""(10.0, 1.0)"": 0.0845471282607827, ""(10.0, 2.0)"": 0.08380734306754058, ""(1.0, 0.5)"": 0.08944869725631276, ""(1.0, 1.0)"": 0.09043174447875953, ""(1.0, 2.0)"": 0.09001987825136111, ""(0.1, 0.5)"": 0.0924204351879054, ""(0.1, 1.0)"": 0.09347019523204553, ""(0.1, 2.0)"": 0.09349735918881628}"
6m_15pct,2015,market_kernel,"(10.0, 0.5)",0.09028530028498016,3,False,"{""(10.0, 0.5)"": 0.09028530028498016, ""(10.0, 1.0)"": 0.09483876255497044, ""(10.0, 2.0)"": 0.09629427301745132, ""(1.0, 0.5)"": 0.10513969421034204, ""(1.0, 1.0)"": 0.10192838638276279, ""(1.0, 2.0)"": 0.10309818107749534, ""(0.1, 0.5)"": 0.14391027544760257, ""(0.1, 1.0)"": 0.11623414147508039, ""(0.1, 2.0)"": 0.10212170720086415}"
6m_15pct,2016,base_rate,None,0.07007144445038736,3,False,"{""None"": 0.07007144445038736}"
6m_15pct,2016,raw_tda,0.01,0.06956006202497987,3,False,"{""0.01"": 0.06956006202497987, ""0.1"": 0.0713713759539788, ""1.0"": 0.07284371570079487}"
6m_15pct,2016,market,0.01,0.07108589786636872,3,False,"{""0.01"": 0.07108589786636872, ""0.1"": 0.07497511677097896, ""1.0"": 0.07712927055856149}"
6m_15pct,2016,landscape,0.01,0.0688513388883925,3,False,"{""0.01"": 0.0688513388883925, ""0.1"": 0.06887638347793897, ""1.0"": 0.06953023682295648}"
6m_15pct,2016,market_landscape,0.01,0.07032287103399586,3,False,"{""0.01"": 0.07032287103399586, ""0.1"": 0.07190863288703567, ""1.0"": 0.07233212471040142}"
6m_15pct,2016,delay,0.01,0.07320014225057016,3,False,"{""0.01"": 0.07320014225057016, ""0.1"": 0.074746304420328, ""1.0"": 0.07406705113921443}"
6m_15pct,2016,market_delay,0.01,0.07149301084570002,3,False,"{""0.01"": 0.07149301084570002, ""0.1"": 0.07294255498824669, ""1.0"": 0.0777546560414487}"
6m_15pct,2016,diagram_kernel,"(10.0, 2.0)",0.07061449781388753,3,False,"{""(10.0, 0.5)"": 0.0708670983803903, ""(10.0, 1.0)"": 0.07120828520747666, ""(10.0, 2.0)"": 0.07061449781388753, ""(1.0, 0.5)"": 0.07520797405648863, ""(1.0, 1.0)"": 0.07458954437538641, ""(1.0, 2.0)"": 0.07371003898933513, ""(0.1, 0.5)"": 0.07880135662276588, ""(0.1, 1.0)"": 0.07883803482401187, ""(0.1, 2.0)"": 0.07806830266747476}"
6m_15pct,2016,market_kernel,"(10.0, 0.5)",0.07653460000958542,3,False,"{""(10.0, 0.5)"": 0.07653460000958542, ""(10.0, 1.0)"": 0.08060201171188226, ""(10.0, 2.0)"": 0.08122191941545835, ""(1.0, 0.5)"": 0.08350126497988324, ""(1.0, 1.0)"": 0.08436177257611882, ""(1.0, 2.0)"": 0.08721761922081683, ""(0.1, 0.5)"": 0.10200257747187862, ""(0.1, 1.0)"": 0.08988861474349036, ""(0.1, 2.0)"": 0.0823241594460893}"
6m_15pct,2017,base_rate,None,0.06926607590036828,3,False,"{""None"": 0.06926607590036828}"
6m_15pct,2017,raw_tda,0.01,0.06907900422017314,3,False,"{""0.01"": 0.06907900422017314, ""0.1"": 0.07098505693686952, ""1.0"": 0.07238340550509968}"
6m_15pct,2017,market,0.01,0.07098827049821789,3,False,"{""0.01"": 0.07098827049821789, ""0.1"": 0.07462695909412075, ""1.0"": 0.07724818025319143}"
6m_15pct,2017,landscape,0.01,0.06801275923665778,3,False,"{""0.01"": 0.06801275923665778, ""0.1"": 0.06839005584928844, ""1.0"": 0.0692987534938739}"
6m_15pct,2017,market_landscape,0.01,0.07005234768412412,3,False,"{""0.01"": 0.07005234768412412, ""0.1"": 0.07213355704245634, ""1.0"": 0.07495838657987351}"
6m_15pct,2017,delay,0.01,0.07329779652829493,3,False,"{""0.01"": 0.07329779652829493, ""0.1"": 0.07575073697829611, ""1.0"": 0.07617157461690009}"
6m_15pct,2017,market_delay,0.01,0.07188731462943158,3,False,"{""0.01"": 0.07188731462943158, ""0.1"": 0.07350209235344006, ""1.0"": 0.07985191656468822}"
6m_15pct,2017,diagram_kernel,"(10.0, 2.0)",0.07136662737982831,3,False,"{""(10.0, 0.5)"": 0.07142519972688723, ""(10.0, 1.0)"": 0.07194737409141155, ""(10.0, 2.0)"": 0.07136662737982831, ""(1.0, 0.5)"": 0.0756444443787703, ""(1.0, 1.0)"": 0.07524920840339043, ""(1.0, 2.0)"": 0.07454493032100974, ""(0.1, 0.5)"": 0.07859789955216866, ""(0.1, 1.0)"": 0.07860024708936074, ""(0.1, 2.0)"": 0.07791130048926312}"
6m_15pct,2017,market_kernel,"(10.0, 0.5)",0.076966693152913,3,False,"{""(10.0, 0.5)"": 0.076966693152913, ""(10.0, 1.0)"": 0.08098093124184669, ""(10.0, 2.0)"": 0.08157251488123655, ""(1.0, 0.5)"": 0.08596281980767824, ""(1.0, 1.0)"": 0.08643945092503824, ""(1.0, 2.0)"": 0.08810519298387726, ""(0.1, 0.5)"": 0.11231634862899022, ""(0.1, 1.0)"": 0.09339402670493217, ""(0.1, 2.0)"": 0.08721241693657485}"
6m_15pct,2018,base_rate,None,0.0189370792321763,3,False,"{""None"": 0.0189370792321763}"
6m_15pct,2018,raw_tda,1.0,0.007263292092847192,3,False,"{""0.01"": 0.011997582184662481, ""0.1"": 0.007971751376622491, ""1.0"": 0.007263292092847192}"
6m_15pct,2018,market,0.1,0.007599535019383325,3,False,"{""0.01"": 0.010268912655482075, ""0.1"": 0.007599535019383325, ""1.0"": 0.008138088215750416}"
6m_15pct,2018,landscape,1.0,0.007415610599764859,3,False,"{""0.01"": 0.011779434335079596, ""0.1"": 0.007905837977856451, ""1.0"": 0.007415610599764859}"
6m_15pct,2018,market_landscape,0.1,0.006522381125167036,3,False,"{""0.01"": 0.007916634092633002, ""0.1"": 0.006522381125167036, ""1.0"": 0.009037665666242081}"
6m_15pct,2018,delay,1.0,0.012190363290888207,3,False,"{""0.01"": 0.013442814132780609, ""0.1"": 0.012441628855620114, ""1.0"": 0.012190363290888207}"
6m_15pct,2018,market_delay,0.01,0.010593296224531113,3,False,"{""0.01"": 0.010593296224531113, ""0.1"": 0.011620772751046927, ""1.0"": 0.01824408883330017}"
6m_15pct,2018,diagram_kernel,"(10.0, 1.0)",0.005717213790505081,3,False,"{""(10.0, 0.5)"": 0.00594101857593196, ""(10.0, 1.0)"": 0.005717213790505081, ""(10.0, 2.0)"": 0.006039575123876081, ""(1.0, 0.5)"": 0.00743738845796853, ""(1.0, 1.0)"": 0.00735375864611729, ""(1.0, 2.0)"": 0.0066083593139678, ""(0.1, 0.5)"": 0.010928632459263623, ""(0.1, 1.0)"": 0.012079624098492182, ""(0.1, 2.0)"": 0.012025542330404976}"
6m_15pct,2018,market_kernel,"(10.0, 2.0)",0.010138598546226339,3,False,"{""(10.0, 0.5)"": 0.011040462340322093, ""(10.0, 1.0)"": 0.010630315319588296, ""(10.0, 2.0)"": 0.010138598546226339, ""(1.0, 0.5)"": 0.017659463015535278, ""(1.0, 1.0)"": 0.014401132500704156, ""(1.0, 2.0)"": 0.012191514318640503, ""(0.1, 0.5)"": 0.03670677359794216, ""(0.1, 1.0)"": 0.02514039033343199, ""(0.1, 2.0)"": 0.017974950062170657}"
6m_15pct,2019,base_rate,None,0.017395169743223814,3,False,"{""None"": 0.017395169743223814}"
6m_15pct,2019,raw_tda,1.0,0.006239531431282644,3,False,"{""0.01"": 0.010744148981966252, ""0.1"": 0.0069082983408887385, ""1.0"": 0.006239531431282644}"
6m_15pct,2019,market,0.1,0.006229031104511218,3,False,"{""0.01"": 0.008837015318971202, ""0.1"": 0.006229031104511218, ""1.0"": 0.006233053267945429}"
6m_15pct,2019,landscape,1.0,0.005311799500476119,3,False,"{""0.01"": 0.009969218300026847, ""0.1"": 0.005764078702216222, ""1.0"": 0.005311799500476119}"
6m_15pct,2019,market_landscape,0.1,0.004903547479510012,3,False,"{""0.01"": 0.006530870444290084, ""0.1"": 0.004903547479510012, ""1.0"": 0.0067734880411165635}"
6m_15pct,2019,delay,1.0,0.011177825052637994,3,False,"{""0.01"": 0.012443676078082659, ""0.1"": 0.011438807275136206, ""1.0"": 0.011177825052637994}"
6m_15pct,2019,market_delay,0.01,0.009393067365790698,3,False,"{""0.01"": 0.009393067365790698, ""0.1"": 0.009537074401430755, ""1.0"": 0.011475312471379485}"
6m_15pct,2019,diagram_kernel,"(10.0, 1.0)",0.005195595587689233,3,False,"{""(10.0, 0.5)"": 0.005569574806202148, ""(10.0, 1.0)"": 0.005195595587689233, ""(10.0, 2.0)"": 0.005407603689621034, ""(1.0, 0.5)"": 0.006764564873016836, ""(1.0, 1.0)"": 0.006601930202125961, ""(1.0, 2.0)"": 0.005862929447847091, ""(0.1, 0.5)"": 0.010122720389552678, ""(0.1, 1.0)"": 0.011262122637336667, ""(0.1, 2.0)"": 0.011137961337109634}"
6m_15pct,2019,market_kernel,"(10.0, 2.0)",0.008276710727405635,3,False,"{""(10.0, 0.5)"": 0.009916152451257447, ""(10.0, 1.0)"": 0.008978036863943469, ""(10.0, 2.0)"": 0.008276710727405635, ""(1.0, 0.5)"": 0.018087337143348724, ""(1.0, 1.0)"": 0.013228255387483156, ""(1.0, 2.0)"": 0.01019493790887247, ""(0.1, 0.5)"": 0.04376636587730857, ""(0.1, 1.0)"": 0.027880609728395164, ""(0.1, 2.0)"": 0.01782308511917441}"
6m_15pct,2020,base_rate,None,0.05860973208618241,3,False,"{""None"": 0.05860973208618241}"
6m_15pct,2020,raw_tda,1.0,0.05323997753143104,3,False,"{""0.01"": 0.05513656916737152, ""0.1"": 0.0535592468677806, ""1.0"": 0.05323997753143104}"
6m_15pct,2020,market,1.0,0.0574353630068614,3,False,"{""0.01"": 0.0581627473834781, ""0.1"": 0.05772378358119795, ""1.0"": 0.0574353630068614}"
6m_15pct,2020,landscape,0.1,0.053404019830018246,3,False,"{""0.01"": 0.05409404865314913, ""0.1"": 0.053404019830018246, ""1.0"": 0.05469253835416623}"
6m_15pct,2020,market_landscape,0.01,0.05576019944864725,3,False,"{""0.01"": 0.05576019944864725, ""0.1"": 0.05584145402508348, ""1.0"": 0.058566281300738064}"
6m_15pct,2020,delay,0.01,0.059027539873517366,3,False,"{""0.01"": 0.059027539873517366, ""0.1"": 0.06103098193883292, ""1.0"": 0.06225677063717052}"
6m_15pct,2020,market_delay,0.01,0.05947115367829046,3,False,"{""0.01"": 0.05947115367829046, ""0.1"": 0.06274513432590284, ""1.0"": 0.06695577327961204}"
6m_15pct,2020,diagram_kernel,"(10.0, 0.5)",0.0564978073668661,3,False,"{""(10.0, 0.5)"": 0.0564978073668661, ""(10.0, 1.0)"": 0.05713200883904352, ""(10.0, 2.0)"": 0.05725034913960272, ""(1.0, 0.5)"": 0.059295364509206853, ""(1.0, 1.0)"": 0.05949460680852824, ""(1.0, 2.0)"": 0.0591531027860586, ""(0.1, 0.5)"": 0.06127118989244711, ""(0.1, 1.0)"": 0.06167040270379631, ""(0.1, 2.0)"": 0.061394697955483635}"
6m_15pct,2020,market_kernel,"(10.0, 2.0)",0.06366725338205194,3,False,"{""(10.0, 0.5)"": 0.06410411069973827, ""(10.0, 1.0)"": 0.06438929329570516, ""(10.0, 2.0)"": 0.06366725338205194, ""(1.0, 0.5)"": 0.0689656664822486, ""(1.0, 1.0)"": 0.06757049259659159, ""(1.0, 2.0)"": 0.06580156748904277, ""(0.1, 0.5)"": 0.07792197153424374, ""(0.1, 1.0)"": 0.07161264943620156, ""(0.1, 2.0)"": 0.06779046985755503}"
6m_15pct,2021,base_rate,None,0.13259851580237553,3,False,"{""None"": 0.13259851580237553}"
6m_15pct,2021,raw_tda,0.01,0.1407570286953369,3,False,"{""0.01"": 0.1407570286953369, ""0.1"": 0.14950839343615238, ""1.0"": 0.15072133954923017}"
6m_15pct,2021,market,0.01,0.147734810871169,3,False,"{""0.01"": 0.147734810871169, ""0.1"": 0.16196773977491316, ""1.0"": 0.16594049023565036}"
6m_15pct,2021,landscape,0.01,0.1406946953823747,3,False,"{""0.01"": 0.1406946953823747, ""0.1"": 0.15416946058856693, ""1.0"": 0.1597111768202536}"
6m_15pct,2021,market_landscape,0.01,0.1510789323582874,3,False,"{""0.01"": 0.1510789323582874, ""0.1"": 0.15971534827950526, ""1.0"": 0.1611685161207588}"
6m_15pct,2021,delay,0.01,0.14111674233258834,3,False,"{""0.01"": 0.14111674233258834, ""0.1"": 0.1510595377286369, ""1.0"": 0.15932224287405614}"
6m_15pct,2021,market_delay,0.01,0.15036130145044155,3,False,"{""0.01"": 0.15036130145044155, ""0.1"": 0.17779520335359109, ""1.0"": 0.2028108854633265}"
6m_15pct,2021,diagram_kernel,"(10.0, 0.5)",0.1439649720374485,3,False,"{""(10.0, 0.5)"": 0.1439649720374485, ""(10.0, 1.0)"": 0.14649084332255077, ""(10.0, 2.0)"": 0.14743988748755563, ""(1.0, 0.5)"": 0.14763587248354523, ""(1.0, 1.0)"": 0.15189692395510188, ""(1.0, 2.0)"": 0.1554496000950524, ""(0.1, 0.5)"": 0.14617917726197585, ""(0.1, 1.0)"": 0.1502643464857327, ""(0.1, 2.0)"": 0.15328304969784648}"
6m_15pct,2021,market_kernel,"(10.0, 0.5)",0.14488619861009167,3,False,"{""(10.0, 0.5)"": 0.14488619861009167, ""(10.0, 1.0)"": 0.1481617994141257, ""(10.0, 2.0)"": 0.15037081008271755, ""(1.0, 0.5)"": 0.1493923318967221, ""(1.0, 1.0)"": 0.1533707660400598, ""(1.0, 2.0)"": 0.15683451060105064, ""(0.1, 0.5)"": 0.1575830678602336, ""(0.1, 1.0)"": 0.15691393920256894, ""(0.1, 2.0)"": 0.16538405350711846}"
6m_15pct,2022,base_rate,None,0.11732909203308152,3,False,"{""None"": 0.11732909203308152}"
6m_15pct,2022,raw_tda,0.01,0.134691681630095,3,False,"{""0.01"": 0.134691681630095, ""0.1"": 0.1566406658473307, ""1.0"": 0.16384598400184844}"
6m_15pct,2022,market,0.01,0.12991800905696374,3,False,"{""0.01"": 0.12991800905696374, ""0.1"": 0.14144994211588927, ""1.0"": 0.1440920718645253}"
6m_15pct,2022,landscape,0.01,0.13267303198371275,3,False,"{""0.01"": 0.13267303198371275, ""0.1"": 0.15180791166968924, ""1.0"": 0.16013158270507474}"
6m_15pct,2022,market_landscape,0.01,0.13624297747805272,3,False,"{""0.01"": 0.13624297747805272, ""0.1"": 0.14605533292445047, ""1.0"": 0.15328704516781858}"
6m_15pct,2022,delay,0.01,0.12466238030027516,3,False,"{""0.01"": 0.12466238030027516, ""0.1"": 0.13142406043436136, ""1.0"": 0.13584831248409535}"
6m_15pct,2022,market_delay,0.01,0.13092847671289387,3,False,"{""0.01"": 0.13092847671289387, ""0.1"": 0.1536993138793343, ""1.0"": 0.18392249543424702}"
6m_15pct,2022,diagram_kernel,"(10.0, 0.5)",0.13099213671819968,3,False,"{""(10.0, 0.5)"": 0.13099213671819968, ""(10.0, 1.0)"": 0.13737200689257736, ""(10.0, 2.0)"": 0.14031149580589372, ""(1.0, 0.5)"": 0.13869717089684433, ""(1.0, 1.0)"": 0.14728316029174038, ""(1.0, 2.0)"": 0.15243648381070038, ""(0.1, 0.5)"": 0.13841779868114165, ""(0.1, 1.0)"": 0.14641803856932076, ""(0.1, 2.0)"": 0.15147691691521167}"
6m_15pct,2022,market_kernel,"(10.0, 0.5)",0.1287846372400805,3,False,"{""(10.0, 0.5)"": 0.1287846372400805, ""(10.0, 1.0)"": 0.13154319083886645, ""(10.0, 2.0)"": 0.1332927547675394, ""(1.0, 0.5)"": 0.13514668576498975, ""(1.0, 1.0)"": 0.13826239426956782, ""(1.0, 2.0)"": 0.1410269653679775, ""(0.1, 0.5)"": 0.15515111740773713, ""(0.1, 1.0)"": 0.15300184124783617, ""(0.1, 2.0)"": 0.15670963960950138}"
6m_15pct,2023,base_rate,None,0.16580723357238927,3,False,"{""None"": 0.16580723357238927}"
6m_15pct,2023,raw_tda,0.01,0.18019775650373557,3,False,"{""0.01"": 0.18019775650373557, ""0.1"": 0.1986161223250412, ""1.0"": 0.20440858813759433}"
6m_15pct,2023,market,0.01,0.18022377049458008,3,False,"{""0.01"": 0.18022377049458008, ""0.1"": 0.19517021755444616, ""1.0"": 0.20024490179672352}"
6m_15pct,2023,landscape,0.01,0.17629381034652095,3,False,"{""0.01"": 0.17629381034652095, ""0.1"": 0.18728003422881168, ""1.0"": 0.19106533520189398}"
6m_15pct,2023,market_landscape,0.01,0.1842186038426927,3,False,"{""0.01"": 0.1842186038426927, ""0.1"": 0.19669016574809936, ""1.0"": 0.2071901341732818}"
6m_15pct,2023,delay,0.01,0.17165907133558891,3,False,"{""0.01"": 0.17165907133558891, ""0.1"": 0.18152613718453384, ""1.0"": 0.19021838652217885}"
6m_15pct,2023,market_delay,0.01,0.18215695260555873,3,False,"{""0.01"": 0.18215695260555873, ""0.1"": 0.20539433315941338, ""1.0"": 0.23111268916833871}"
6m_15pct,2023,diagram_kernel,"(10.0, 0.5)",0.176297516492381,3,False,"{""(10.0, 0.5)"": 0.176297516492381, ""(10.0, 1.0)"": 0.18008501176065397, ""(10.0, 2.0)"": 0.1821130487878502, ""(1.0, 0.5)"": 0.1796094409478681, ""(1.0, 1.0)"": 0.18676450743677578, ""(1.0, 2.0)"": 0.19169717664318905, ""(0.1, 0.5)"": 0.17780216668165502, ""(0.1, 1.0)"": 0.1838756240662827, ""(0.1, 2.0)"": 0.18763256967769018}"
6m_15pct,2023,market_kernel,"(10.0, 0.5)",0.18432229679198509,3,False,"{""(10.0, 0.5)"": 0.18432229679198509, ""(10.0, 1.0)"": 0.18594623239646416, ""(10.0, 2.0)"": 0.185845852656349, ""(1.0, 0.5)"": 0.1919412802891797, ""(1.0, 1.0)"": 0.19499263872171627, ""(1.0, 2.0)"": 0.1950023571337355, ""(0.1, 0.5)"": 0.19785518292083717, ""(0.1, 1.0)"": 0.20300447207128028, ""(0.1, 2.0)"": 0.20631430152925503}"
6m_15pct,2024,base_rate,None,0.16250079832140393,3,False,"{""None"": 0.16250079832140393}"
6m_15pct,2024,raw_tda,0.01,0.1785430707195307,3,False,"{""0.01"": 0.1785430707195307, ""0.1"": 0.1969038288488628, ""1.0"": 0.20226122794350396}"
6m_15pct,2024,market,0.01,0.18184695474594478,3,False,"{""0.01"": 0.18184695474594478, ""0.1"": 0.1957806177973301, ""1.0"": 0.19910250559412782}"
6m_15pct,2024,landscape,0.01,0.1772696689139767,3,False,"{""0.01"": 0.1772696689139767, ""0.1"": 0.19562635958612465, ""1.0"": 0.20416212693668898}"
6m_15pct,2024,market_landscape,0.01,0.18743006095187428,3,False,"{""0.01"": 0.18743006095187428, ""0.1"": 0.20332458486568492, ""1.0"": 0.21586368433665878}"
6m_15pct,2024,delay,0.01,0.17023959783399023,3,False,"{""0.01"": 0.17023959783399023, ""0.1"": 0.17992608322612788, ""1.0"": 0.1863287394550677}"
6m_15pct,2024,market_delay,0.01,0.1827472688325306,3,False,"{""0.01"": 0.1827472688325306, ""0.1"": 0.20640955974581301, ""1.0"": 0.2330971235441456}"
6m_15pct,2024,diagram_kernel,"(10.0, 0.5)",0.17693293850207245,3,False,"{""(10.0, 0.5)"": 0.17693293850207245, ""(10.0, 1.0)"": 0.1818167954879215, ""(10.0, 2.0)"": 0.18368958858339623, ""(1.0, 0.5)"": 0.18589697477430558, ""(1.0, 1.0)"": 0.19360625045648885, ""(1.0, 2.0)"": 0.1974642490586507, ""(0.1, 0.5)"": 0.1880511333394285, ""(0.1, 1.0)"": 0.1961338830785018, ""(0.1, 2.0)"": 0.20019911291318548}"
6m_15pct,2024,market_kernel,"(10.0, 2.0)",0.19744256837141835,3,False,"{""(10.0, 0.5)"": 0.19832343793601034, ""(10.0, 1.0)"": 0.20089211171652435, ""(10.0, 2.0)"": 0.19744256837141835, ""(1.0, 0.5)"": 0.23198395658314622, ""(1.0, 1.0)"": 0.2303951855233676, ""(1.0, 2.0)"": 0.2192774721597193, ""(0.1, 0.5)"": 0.23855007890201715, ""(0.1, 1.0)"": 0.25014394073283536, ""(0.1, 2.0)"": 0.24377139165959916}"
6m_15pct,2025,base_rate,None,0.12142436095166083,3,False,"{""None"": 0.12142436095166083}"
6m_15pct,2025,raw_tda,0.01,0.13597467846745545,3,False,"{""0.01"": 0.13597467846745545, ""0.1"": 0.15353566121941306, ""1.0"": 0.15916407126045248}"
6m_15pct,2025,market,0.01,0.13405765449746448,3,False,"{""0.01"": 0.13405765449746448, ""0.1"": 0.14774421838411167, ""1.0"": 0.15243291245000434}"
6m_15pct,2025,landscape,0.01,0.13418558405988143,3,False,"{""0.01"": 0.13418558405988143, ""0.1"": 0.14634993248455294, ""1.0"": 0.15055718529779494}"
6m_15pct,2025,market_landscape,0.01,0.13967816682600376,3,False,"{""0.01"": 0.13967816682600376, ""0.1"": 0.15386271847506097, ""1.0"": 0.16635557514812527}"
6m_15pct,2025,delay,0.01,0.12602480204177766,3,False,"{""0.01"": 0.12602480204177766, ""0.1"": 0.134506147170713, ""1.0"": 0.14174501531825198}"
6m_15pct,2025,market_delay,0.01,0.13564421672413376,3,False,"{""0.01"": 0.13564421672413376, ""0.1"": 0.15843951415443683, ""1.0"": 0.18482635387144766}"
6m_15pct,2025,diagram_kernel,"(10.0, 0.5)",0.1313326012044708,3,False,"{""(10.0, 0.5)"": 0.1313326012044708, ""(10.0, 1.0)"": 0.13598408143364824, ""(10.0, 2.0)"": 0.13801135104050102, ""(1.0, 0.5)"": 0.13897912058174663, ""(1.0, 1.0)"": 0.1464032410415447, ""(1.0, 2.0)"": 0.15007009681888772, ""(0.1, 0.5)"": 0.14119336033968322, ""(0.1, 1.0)"": 0.14956611220841257, ""(0.1, 2.0)"": 0.15401059379661317}"
6m_15pct,2025,market_kernel,"(10.0, 0.5)",0.14256946853485042,3,False,"{""(10.0, 0.5)"": 0.14256946853485042, ""(10.0, 1.0)"": 0.14471770495650813, ""(10.0, 2.0)"": 0.14258990177908382, ""(1.0, 0.5)"": 0.17023286179483874, ""(1.0, 1.0)"": 0.16870150038860943, ""(1.0, 2.0)"": 0.16080621926947344, ""(0.1, 0.5)"": 0.18138414070696718, ""(0.1, 1.0)"": 0.1868948755344201, ""(0.1, 2.0)"": 0.18341768400172356}"
6m_15pct,2026,base_rate,None,0.13352028496999155,3,False,"{""None"": 0.13352028496999155}"
6m_15pct,2026,raw_tda,0.01,0.14533863345454953,3,False,"{""0.01"": 0.14533863345454953, ""0.1"": 0.16081351082349618, ""1.0"": 0.16559449565212384}"
6m_15pct,2026,market,0.01,0.14547385206175775,3,False,"{""0.01"": 0.14547385206175775, ""0.1"": 0.15579093859960438, ""1.0"": 0.15864546645609257}"
6m_15pct,2026,landscape,0.01,0.14849131716561673,3,False,"{""0.01"": 0.14849131716561673, ""0.1"": 0.16822264238445675, ""1.0"": 0.17717691776127034}"
6m_15pct,2026,market_landscape,0.01,0.15293231750421066,3,False,"{""0.01"": 0.15293231750421066, ""0.1"": 0.17024912083331575, ""1.0"": 0.18367207500310087}"
6m_15pct,2026,delay,0.01,0.1379523843860761,3,False,"{""0.01"": 0.1379523843860761, ""0.1"": 0.1453340496542758, ""1.0"": 0.15070010106100315}"
6m_15pct,2026,market_delay,0.01,0.1459454301711697,3,False,"{""0.01"": 0.1459454301711697, ""0.1"": 0.16459514276237144, ""1.0"": 0.18746828937773263}"
6m_15pct,2026,diagram_kernel,"(10.0, 0.5)",0.13878393718974588,3,False,"{""(10.0, 0.5)"": 0.13878393718974588, ""(10.0, 1.0)"": 0.14353218875803844, ""(10.0, 2.0)"": 0.14588319401559804, ""(1.0, 0.5)"": 0.1475963122243439, ""(1.0, 1.0)"": 0.15695808118081042, ""(1.0, 2.0)"": 0.16056551107627456, ""(0.1, 0.5)"": 0.15269055381723992, ""(0.1, 1.0)"": 0.1621623662000787, ""(0.1, 2.0)"": 0.16699577883933772}"
6m_15pct,2026,market_kernel,"(10.0, 2.0)",0.15288514076604628,3,False,"{""(10.0, 0.5)"": 0.153053089944723, ""(10.0, 1.0)"": 0.15500328291851953, ""(10.0, 2.0)"": 0.15288514076604628, ""(1.0, 0.5)"": 0.18124275789941405, ""(1.0, 1.0)"": 0.17887025548738242, ""(1.0, 2.0)"": 0.1705410284016963, ""(0.1, 0.5)"": 0.19370410242591193, ""(0.1, 1.0)"": 0.20219537941366617, ""(0.1, 2.0)"": 0.19799251178984645}"
