model,label,all,post2017
base_rate,历史发生率基准,0.109685445775609,0.1322576072005849
raw_tda,原始拓扑特征,0.1137205896817763,0.1760369771180666
landscape,景观曲线 + PCA,0.1121010717789975,0.1634354824902655
diagram_kernel,完整持续图核,0.1109650576723093,0.1547119712075146
delay,延迟嵌入拓扑,0.1198469874479535,0.1512082157352692
market,普通市场特征,0.1230284722645851,0.1699585218771665
market_kernel,普通市场 RBF 核,0.1190666379410554,0.1700352046320524
market_landscape,市场 + 景观,0.1185848129230606,0.166971845343344
market_delay,市场 + 延迟,0.1309444952884939,0.1759562665745886
inner_selector,只按过去验证选模,0.1185667015671439,0.1786292956141437
