year,window,n,l1_median,l1_max,l1_peak_date,l1_prior_pct_median,days_above_prior95,eligible_days,scale_free_l1_median
1987,50,29,0.040377922898869656,0.13788154366016414,1987-12-21,,0,0,0.0025681307656669704
1988,50,253,0.010478168403799115,0.12147480737556471,1988-01-13,,0,0,0.011417068502696758
1989,50,252,0.006817728584006422,0.05022889016704579,1989-12-22,,0,0,0.015725899534105962
1990,50,253,0.013325554534018735,0.045437771296475304,1990-01-02,60.18276762402089,0,31,0.013927417628739131
1991,50,253,0.022318365029112996,0.07217598662657188,1991-12-30,78.93569844789357,19,253,0.027713220776293578
1992,50,254,0.011277700513863897,0.0669080350898712,1992-01-28,45.24856925192315,15,254,0.024357597031318817
1993,50,253,0.01253496920755226,0.04812803256096698,1993-11-29,51.12359550561798,2,253,0.039212752924883756
1994,50,252,0.0076928851218964756,0.06591373416412694,1994-05-19,33.671604434148534,15,252,0.02145674862998917
1995,50,252,0.008226038050171858,0.04033940314046558,1995-10-27,39.07620604151364,0,252,0.025030266986183672
1996,50,254,0.01343155566501919,0.06714296053555224,1996-02-26,57.97653220613347,13,254,0.026380717047891893
1997,50,253,0.014492472073490248,0.11812216732619785,1997-05-19,60.226812474686106,31,253,0.020820306515957374
1998,50,252,0.041667727275014776,0.21705570329940294,1998-12-01,92.00006737323378,94,252,0.028446717627541036
1999,50,252,0.053711101164997554,0.14316072863284734,1999-04-01,91.77764231120237,80,252,0.03421556707957414
2000,50,252,0.09922738428739653,0.3815898367328998,2000-04-24,95.44037522735101,130,252,0.03641445239650194
2001,50,248,0.062103998001432625,0.24207808552415244,2001-05-15,85.27409416413317,52,248,0.021608823450507644
2002,50,252,0.027813930338751458,0.1321550445849784,2002-05-03,63.888186426202594,1,252,0.00871830153760016
2003,50,252,0.02293195926531988,0.07272380885475105,2003-03-05,58.16834236728603,0,252,0.014050721116266478
2004,50,252,0.021608656213865318,0.08699152765740692,2004-05-03,56.02984550784763,0,252,0.025537773152357675
2005,50,252,0.010445686562680856,0.03934667005845971,2005-06-07,30.562603183207422,0,252,0.017778592700030953
2006,50,251,0.009642970156057196,0.024129425329339593,2006-12-19,28.586632609621116,0,251,0.014547348952234945
2007,50,251,0.009885257361144095,0.02527353550810396,2007-10-15,31.104532462229482,0,251,0.011172962631474897
2008,50,253,0.030638827457092788,0.21588636249812865,2008-12-04,71.96463654223969,32,253,0.009843399408305377
2009,50,252,0.013664694140076428,0.2382156534879485,2009-01-09,43.14665241445156,8,252,0.005557144856187612
2010,50,252,0.01155557782707417,0.054396241928405864,2010-08-20,36.97753502501299,0,252,0.009401894493962757
2011,50,252,0.012274866520955996,0.08153054570623386,2011-11-02,40.4951479813945,0,252,0.0069278491213740825
2012,50,250,0.008240529772502558,0.05182316270432086,2012-01-05,27.058309626709033,0,250,0.011181155199741513
2013,50,252,0.010579651485824959,0.03490992746784238,2013-12-27,35.96612239782017,0,252,0.016873829703047974
2014,50,252,0.01594093962074128,0.06519930462317736,2014-10-13,52.850241748082546,0,252,0.02520199289109218
2015,50,252,0.010535529290948475,0.07867933275612993,2015-12-14,35.84578968871841,0,252,0.011648889595071836
2016,50,252,0.007765720817663246,0.06184480603220166,2016-04-05,26.126863439732325,0,252,0.009467076663848675
2017,50,251,0.007610741743101279,0.024366689186887225,2017-01-31,26.977848101265824,0,251,0.02073756581395693
2018,50,251,0.014602931224092064,0.050126264913690655,2018-11-28,51.959003632589514,0,251,0.017607095644894905
2019,50,252,0.014596953582982408,0.047816932711955085,2019-10-07,51.71010286539493,0,252,0.015527466967195732
2020,50,253,0.03771241129036618,0.28430764928533137,2020-04-30,81.8447310781212,37,253,0.013808378022433936
2021,50,252,0.040351967867352734,0.1377711617579438,2021-03-31,82.01590946953601,16,252,0.042821678131787236
2022,50,251,0.03253875849622556,0.08317241976997192,2022-06-02,75.87162318171323,0,251,0.012121372092400252
2023,50,250,0.029343717636157507,0.1069380503625279,2023-10-16,72.20428412649571,6,250,0.026998194330722654
2024,50,252,0.03647027935404479,0.07438158016531649,2024-09-18,78.42325823840744,0,252,0.036368875002894166
2025,50,250,0.029403619950913562,0.09616187011488897,2025-12-15,70.42068462801734,6,250,0.030692137101378313
2026,50,185,0.028939376443099185,0.10251189575420838,2026-06-24,69.54938078884379,3,185,0.02801940936938852
1988,100,232,0.041260648254371146,0.10074356724541422,1988-02-02,,0,0,0.02755098014718859
1989,100,252,0.013129788452620889,0.02328059993166065,1989-10-03,,0,0,0.028152519547449552
1990,100,253,0.026584545565564666,0.06052609373045237,1990-12-17,,0,0,0.03510944748514974
1991,100,253,0.04431759747508979,0.09340949712966817,1991-01-30,75.14261064851871,32,234,0.0524094980179105
1992,100,254,0.02986591109326353,0.06649642251240184,1992-02-21,55.17219053071351,1,254,0.054662727228078786
1993,100,253,0.0337087958779792,0.0665851389471599,1993-08-04,61.13328012769354,1,253,0.09795518063932925
1994,100,252,0.03292574159113526,0.057523855549807656,1994-07-08,55.37711980714379,0,252,0.07243969465351802
1995,100,252,0.020196574493053343,0.06863714580685976,1995-12-28,32.054166634994715,12,252,0.059053610805051185
1996,100,254,0.04012632224584636,0.08399276860433558,1996-01-26,70.58401556902069,30,254,0.061896588485772064
1997,100,253,0.054432857157158177,0.14734344910607877,1997-08-07,88.55785837651122,83,253,0.08238213818746618
1998,100,252,0.08271149552485157,0.33409993746090727,1998-10-21,95.806223822866,136,252,0.07050188113786443
1999,100,252,0.12185843386247008,0.18876122391497674,1999-04-09,94.69709639162849,118,252,0.07363802314212575
2000,100,252,0.19876296587394648,0.6970792199490408,2000-04-13,95.04041815136043,127,252,0.06677670294482771
2001,100,248,0.1359927541359771,0.3026910133976264,2001-03-29,86.72199931921249,35,248,0.039322680921533876
2002,100,252,0.10908555993277758,0.28978972972582007,2002-10-04,79.15088103895528,7,252,0.04472623969148459
2003,100,252,0.04979034245498393,0.09023724035748804,2003-01-29,54.8045808593114,0,252,0.030161940532734476
2004,100,252,0.05184452020866914,0.09481130643528113,2004-03-17,56.24742338461194,0,252,0.05568296961397058
2005,100,252,0.029443686920163192,0.053324127816258615,2005-03-07,27.2406784286107,0,252,0.04624460687384871
2006,100,251,0.02235082385159437,0.04453521392217574,2006-06-02,19.97209701652715,0,251,0.030906181183578508
2007,100,251,0.024914114918217545,0.052103400031680236,2007-10-11,24.67266775777414,0,251,0.028696761517627317
2008,100,253,0.09028815294801529,0.32181233165831635,2008-12-01,78.74152952565343,13,253,0.03177349813516448
2009,100,252,0.08508970163719587,0.2930514219978244,2009-01-21,74.08198725601204,17,252,0.015632397913411977
2010,100,252,0.03299980155624316,0.06728284928065098,2010-08-18,36.306979985554634,0,252,0.020471619362460024
2011,100,252,0.02316405583339587,0.0718996539807657,2011-12-12,21.871662575515245,0,252,0.013398817389432594
2012,100,250,0.030123816314637453,0.06509265046480128,2012-03-13,33.06368033708396,0,250,0.02559310869412406
2013,100,252,0.01841552706879024,0.03276171071674089,2013-12-30,15.479634212352227,0,252,0.02779239118231669
2014,100,252,0.03482748065069807,0.07293257718069951,2014-12-08,44.63871720437092,0,252,0.0562748419272098
2015,100,252,0.026688360899450148,0.06546500173503045,2015-12-17,29.773805808638308,0,252,0.031985649071757605
2016,100,252,0.028636198452747785,0.053289145495768686,2016-01-12,33.48646654851157,0,252,0.028536536228468426
2017,100,251,0.015362885544288385,0.03835010803911515,2017-12-05,10.00273485573636,0,251,0.03909498818555379
2018,100,251,0.046026351919942865,0.07978455619415303,2018-05-04,63.36905384213278,0,251,0.04638091921278838
2019,100,252,0.042532650580367926,0.06503030123553888,2019-07-19,58.62171414623154,0,252,0.03274664783142639
2020,100,253,0.15814842436954124,0.3375552174523453,2020-05-11,93.55850422195417,85,253,0.030646830791888437
2021,100,252,0.11209994023103442,0.24986309449942135,2021-06-18,85.58963653063722,42,252,0.10156291136791822
2022,100,251,0.09671506618456238,0.17030725427919258,2022-04-20,81.71435163820951,0,251,0.04016807724118416
2023,100,250,0.075518269068932,0.12345927770458509,2023-11-09,75.31632815641711,0,250,0.06127280870646665
2024,100,252,0.07979680680730072,0.12581504185847114,2024-10-31,76.0803408079927,0,252,0.07740577636114551
2025,100,250,0.082193977453485,0.14239405974245445,2025-04-14,76.35221236741742,0,250,0.0623547850136328
2026,100,185,0.05536317746832364,0.12247555524188924,2026-02-09,62.253931882095614,0,185,0.050269920889925865
