label,window,date,l1,l2,l1_prior_pct,l1_prior5y_pct,scale_free_l1_prior_pct,zscore_l1_prior_pct,annual_rms_vol_pct,mean_correlation,variance500_prior_pct,psd_low500_prior_pct,variance500_tau250,psd_low500_tau250,psd_linear500_tau250,psd_1_16_500_tau250,psd_1_4_500_tau250
current,50,2026-09-28,0.049198547974152795,0.06002983151979693,85.29892692897292,79.56349206349206,95.04343382728666,95.25804803270312,13.922163812666357,0.8198600831258531,60.59659702778376,62.84729700624596,0.6296867469879519,0.7024899598393576,0.47000803212851416,0.7238232931726909,0.6656706827309238
current_minus_21_sessions,50,2026-08-27,0.010308641656731732,0.01988187605554421,31.50860303154445,5.436507936507937,36.06104055714871,56.523965587873825,14.366236319337975,0.7489404082196338,62.33135456017269,64.20939017808958,0.42008032128514067,0.5032931726907631,0.2430522088353414,0.5644016064257029,0.4565140562248996
current_minus_63_sessions,50,2026-06-29,0.08896149884910631,0.08204886803546485,95.19646163340876,98.96825396825396,96.74963999177125,88.7163135157375,17.358072222236665,0.7791967520096758,62.2682424373848,63.2223788355199,-0.1297670682730924,-0.04629718875502009,-0.3456064257028113,0.05098795180722892,-0.09294779116465864
current_minus_126_sessions,50,2026-03-27,0.025183699906884627,0.031818642570614286,65.2396728439797,35.198412698412696,56.99347758567139,63.69189357076302,17.246292544981365,0.8588852283668663,59.71615720524017,59.672489082969435,-0.4906987951807229,-0.4537510040160643,-0.6125943775100403,-0.38313253012048193,-0.5058634538152611
current_minus_250_sessions,50,2025-09-29,0.027925032351897805,0.037254902420381604,68.82013633980074,37.22222222222222,84.88725747246984,41.63607760880965,12.83628436897422,0.7725619166273305,61.16644532979194,60.52456839309429,-0.3094939759036145,-0.36976706827309247,0.16549397590361448,-0.4132048192771085,-0.46107630522088355
Dot-com reference_pre_event,50,2000-03-09,0.22407675265808003,0.2034912767691613,99.7104247104247,99.28571428571429,95.10939510939511,94.7876447876448,27.2719173315556,0.6925833060362726,100.0,100.0,-0.22994377510040165,-0.3091084337349398,0.6408032128514057,-0.3343614457831326,-0.2745381526104418
Dot-com reference_event_day,50,2000-03-10,0.1999137115836449,0.19044402162350413,99.51752975233194,98.80952380952381,92.50562881955612,85.71888066902541,27.213380817991208,0.6925877500549386,100.0,100.0,-0.22287550200803216,-0.301847389558233,0.6467148594377511,-0.3255582329317269,-0.2668915662650603
Lehman reference_pre_event,50,2008-09-12,0.06890031106450767,0.08651465426125535,90.07240853658537,97.06349206349206,66.38719512195122,30.201981707317074,24.310733414252674,0.9129284103199863,74.16298168035375,75.3632343651295,0.8876144578313254,0.8497670682730925,0.7010763052208836,0.7823614457831326,0.8818955823293173
Lehman reference_event_day,50,2008-09-15,0.06890031106450767,0.08651465426125535,90.0647742427129,97.02380952380952,59.649457039436086,27.891026862259476,26.197661735922875,0.9264904649243535,74.37894736842105,75.51578947368421,0.8876144578313254,0.8497670682730925,0.7010763052208836,0.7823614457831326,0.8818955823293173
LTCM/Russia reference_pre_event,50,1998-08-28,0.029873765160769672,0.04044878137080473,83.4373852368711,83.41269841269842,38.19316929856775,20.749173705471907,21.024605131420763,0.8647034096010092,98.78597122302158,98.83093525179856,0.3806265060240964,0.3528674698795181,0.2799357429718876,0.26489959839357435,0.37034538152610447
LTCM/Russia reference_event_day,50,1998-08-31,0.02983327088743426,0.04044665775905734,83.40675477239354,83.33333333333333,24.045521292217327,7.085168869309839,26.21843568036399,0.9105348767293853,98.74157303370787,98.78651685393258,0.38255421686746993,0.3548594377510041,0.2816064257028113,0.2676626506024097,0.3724658634538153
US downgrade reference_pre_event,50,2011-08-05,0.014776719410125594,0.025129201283417127,48.4610237537638,60.3968253968254,22.365339578454332,12.880562060889929,21.262781618559394,0.9515717892906913,9.746304070085783,8.176674575652491,-0.9638875502008034,-0.9453815261044178,-0.9517429718875504,-0.9243052208835342,-0.967550200803213
US downgrade reference_event_day,50,2011-08-08,0.014776719410125594,0.025129201283417127,48.4612811506941,60.43650793650794,13.246362267937782,8.69710653955511,26.57435945796947,0.9690889714507452,9.726277372262773,8.156934306569344,-0.9638875502008034,-0.944995983935743,-0.9541847389558235,-0.9235341365461848,-0.9672931726907632
COVID reference_pre_event,50,2020-03-13,0.00206513580329859,0.0062249520717698684,3.746008351756325,5.7936507936507935,0.12281994595922378,0.1596659297469909,46.440883489943836,0.9794250374415613,35.640455318592174,30.446159884861967,0.6154859437751005,0.20732530120481932,0.7919357429718876,-0.21953413654618478,0.5136385542168675
COVID reference_event_day,50,2020-03-16,0.00206513580329859,0.0062249520717698684,3.751688566867248,5.833333333333333,0.09824389045806214,0.08596340415080438,55.224229165360825,0.9851130100542059,35.67503924646782,29.513343799058084,0.6177349397590363,0.21529317269076306,0.787694779116466,-0.2151004016064257,0.5185220883534137
2022 reference_pre_event,50,2022-10-11,0.07735805753585367,0.0832947477888697,93.50545950864422,94.12698412698413,74.82939035486807,76.9449499545041,25.02787838506455,0.9445335210346341,71.91607379717834,72.19341613408899,-0.8245140562248997,-0.833124497991968,-0.9437108433734942,-0.8310040160642571,-0.8290763052208836
2022 reference_event_day,50,2022-10-12,0.052321701871379744,0.06423707534337007,87.23984988058683,83.88888888888889,58.91049698623905,64.81291936767883,24.998103520447465,0.9476822427089627,71.91945985049433,72.19676874849289,-0.8242570281124499,-0.8319036144578315,-0.9453815261044178,-0.829847389558233,-0.8288192771084338
current,100,2026-09-28,0.03927523772370134,0.04140484445840437,45.91679506933744,4.0476190476190474,46.90292758089368,54.401643554185924,15.455668635332335,0.7779734245707229,66.21914248592465,66.00259852750108,0.6221044176706828,0.6184417670682731,0.09352610441767069,0.6199196787148595,0.6230040160642571
current_minus_21_sessions,100,2026-08-27,0.04895944882822523,0.04675974471922681,56.66049001441219,10.873015873015873,56.33106856084002,85.75252213300391,16.071509595357906,0.7921539986468397,65.66467715680955,65.68638090070537,0.6107309236947792,0.6046265060240965,0.2965140562248996,0.5956305220883534,0.60970281124498
current_minus_63_sessions,100,2026-06-29,0.0749941372857903,0.0733495412498192,73.18031430934657,40.3968253968254,65.787841191067,39.846980976013235,18.283884211618805,0.8486748601607376,65.27853483048077,65.4638613321705,0.5415261044176708,0.5351004016064258,0.5564337349397591,0.5532851405622491,0.5362570281124499
current_minus_126_sessions,100,2026-03-27,0.026123578936298353,0.028671963315699826,26.381517327505463,0.07936507936507936,22.239567072536165,62.46227495056718,16.111012695624314,0.8275166201673657,61.427003293084525,62.46981339187706,0.7084658634538153,0.7024899598393576,0.5575261044176707,0.7688674698795183,0.7013333333333335
current_minus_250_sessions,100,2025-09-29,0.0714872891392131,0.06221264842926095,71.90300474433316,27.3015873015873,89.7206114918292,58.58724301528729,13.852011856506303,0.8188962618419127,60.20476296461162,60.349432450478524,0.8408353413654619,0.8308112449799198,0.8110200803212851,0.8597911646586346,0.8372369477911649
Dot-com reference_pre_event,100,2000-03-09,0.31370294320458925,0.18707175962399597,99.68933943754088,99.24603174603175,99.28057553956835,94.8005232177894,22.40154270131069,0.6676098815031534,89.44900351699883,88.90191481047285,-0.6318714859437752,-0.6025060240963857,0.39341365461847394,-0.5728192771084338,-0.6210120481927711
Dot-com reference_event_day,100,2000-03-10,0.313818640420914,0.1870022873769517,99.70578620464204,99.28571428571429,99.44426283099052,95.65217391304348,22.29840962273654,0.6772360575437487,89.9609375,89.1015625,-0.6370763052208835,-0.6085461847389559,0.40106024096385545,-0.5805301204819278,-0.6267309236947791
Lehman reference_pre_event,100,2008-09-12,0.08051469149554125,0.08482258747698271,75.37514428626395,91.82539682539682,41.766063870719506,21.43131973836091,21.562170473810884,0.9094572435998928,67.56756756756756,67.61012981485422,0.9516144578313254,0.9448032128514058,0.7166907630522089,0.9370281124497993,0.9491726907630523
Lehman reference_event_day,100,2008-09-15,0.08086651714136339,0.08491676322466829,75.43758415079823,91.82539682539682,35.968455472206195,19.811502211963838,22.580491649298587,0.9159891464578699,67.57446808510639,67.61702127659575,0.9526425702811246,0.945831325301205,0.711421686746988,0.9379277108433736,0.9502008032128516
LTCM/Russia reference_pre_event,100,1998-08-28,0.12223373217662115,0.09141612005627714,99.32659932659932,98.57142857142857,81.89300411522633,85.70894126449681,18.224826972650206,0.843727109612023,100.0,100.0,0.7454779116465864,0.731983935742972,0.8007389558232932,0.7386024096385544,0.7342329317269077
LTCM/Russia reference_event_day,100,1998-08-31,0.12019600625367488,0.09050761816692303,99.25205684367988,98.41269841269842,63.38818249813014,65.70680628272251,21.3965231772378,0.8843601113206644,100.0,100.0,0.7486265060240965,0.7350682730923697,0.8017670682730924,0.7402088353413655,0.7372530120481928
US downgrade reference_pre_event,100,2011-08-05,0.029653622839416194,0.03659576468019619,32.45614035087719,41.98412698412698,19.281376518218625,17.139001349527664,17.741323517046766,0.937530118692124,27.463621293055812,27.20574691471726,-0.8602409638554219,-0.8612048192771085,-0.9635020080321286,-0.8676305220883536,-0.8572851405622491
US downgrade reference_event_day,100,2011-08-08,0.029653622839416194,0.03659576468019619,32.45909934221623,42.023809523809526,8.348794063079778,9.15837409343903,21.03424870392826,0.9570508375656575,27.21915285451197,26.408839779005525,-0.8648032128514057,-0.86570281124498,-0.9635020080321286,-0.8720000000000001,-0.861847389558233
COVID reference_pre_event,100,2020-03-13,0.02103182582685542,0.02587947060269722,21.79930795847751,33.01587301587302,0.21008403361344538,0.21008403361344538,33.484226481221704,0.973687119935693,44.71223495324641,44.35664427762413,-0.6636787148594379,-0.6609156626506024,-0.19614457831325305,-0.6426666666666667,-0.6627148594377511
COVID reference_event_day,100,2020-03-16,0.02103182582685542,0.02587947060269722,21.802792536760162,33.05555555555556,0.06178178672927221,0.0,39.88768211371175,0.9810945479382697,44.759020279167764,44.469317882538846,-0.6553253012048194,-0.652562248995984,-0.21034538152610446,-0.6340562248995985,-0.6543614457831326
2022 reference_pre_event,100,2022-10-11,0.06065708958518723,0.06014216244686206,70.14413177762526,46.507936507936506,18.622740791580874,54.4955387783116,25.951888236732557,0.9378089221210765,68.55513769258765,68.65218973674634,-0.9845783132530123,-0.9775100401606428,-0.6048192771084338,-0.9762248995983938,-0.9895261044176709
2022 reference_event_day,100,2022-10-12,0.06139492180995454,0.060182718837378746,70.68511952419078,46.904761904761905,19.135308246597276,52.63639483014983,25.944092568422406,0.9383976123013958,68.70451237263464,68.78942261038331,-0.9832289156626508,-0.9759036144578315,-0.6020562248995984,-0.974682730923695,-0.988112449799197
