window,endpoint,kernel,variance_tau250,psd_tau250,r_analogue_psd_tau250
50,2000-03-09,none,-0.22994377510040165,-0.3091084337349398,0.8900562248995985
50,2000-03-09,gaussian25,0.8717429718875503,0.6154859437751005,0.9841927710843374
50,2000-03-09,box25,0.9027791164658636,0.6728032128514057,0.99055421686747
50,2008-09-12,none,0.8876144578313254,0.8497670682730925,0.9340080321285141
50,2008-09-12,gaussian25,0.9641445783132531,0.8885783132530122,0.9929959839357431
50,2008-09-12,box25,0.9580401606425705,0.8887068273092371,0.9804658634538154
50,2026-09-28,none,0.6296867469879519,0.7024899598393576,0.6053975903614459
50,2026-09-28,gaussian25,-0.2021847389558233,0.045526104417670694,-0.30795180722891574
50,2026-09-28,box25,-0.38403212851405627,-0.2857188755020081,-0.5312449799196788
100,2000-03-09,none,-0.6318714859437752,-0.6025060240963857,-0.30853012048192774
100,2000-03-09,gaussian25,0.5048353413654619,0.34579919678714865,0.6109236947791166
100,2000-03-09,box25,0.47264257028112455,0.2982489959839358,0.5748112449799198
100,2008-09-12,none,0.9516144578313254,0.9448032128514058,0.5203855421686748
100,2008-09-12,gaussian25,0.8104417670682732,0.6313574297188755,0.8481606425702812
100,2008-09-12,box25,0.778120481927711,0.589269076305221,0.8502811244979921
100,2026-09-28,none,0.6221044176706828,0.6184417670682731,0.6130441767068274
100,2026-09-28,gaussian25,0.1466666666666667,-0.21606425702811247,-0.24118875502008033
100,2026-09-28,box25,0.5066345381526105,-0.013269076305220886,-0.019887550200803215
