brier,log_loss,auc,ap,target,period,model,n,positive,prevalence,brier_skill,alarm_rate,precision,recall,false_positive_rate,first,last
0.13633269809424545,0.46493329548320644,0.09132161089052751,0.08398645006027519,12m_20pct,all,base_rate,289,43,0.14878892733564014,0.0,,,,,2001-08-31,2025-08-29
0.14311451662603072,0.4900243535930965,0.43883531858574404,0.15338763456608523,12m_20pct,all,tda_raw,289,43,0.14878892733564014,-0.04974462199154206,0.06228373702422145,0.1111111111111111,0.046511627906976744,0.06504065040650407,2001-08-31,2025-08-29
0.14132128153597384,0.4835467854886202,0.22036301758366422,0.09277420939821476,12m_20pct,all,tda_scaled,289,43,0.14878892733564014,-0.036591247084979184,0.17647058823529413,0.058823529411764705,0.06976744186046512,0.1951219512195122,2001-08-31,2025-08-29
0.1368369707027509,0.46687973788206105,0.20731707317073172,0.0913591889521724,12m_20pct,all,tda_null,289,43,0.14878892733564014,-0.0036988383238543143,0.09342560553633218,0.14814814814814814,0.09302325581395349,0.09349593495934959,2001-08-31,2025-08-29
0.16323647715672335,0.5423293869431498,0.5897145017961809,0.24522290759172774,12m_20pct,all,market,289,43,0.14878892733564014,-0.19733915222509268,0.11072664359861592,0.28125,0.20930232558139536,0.09349593495934959,2001-08-31,2025-08-29
0.15840264164192558,0.5428301816506393,0.5781811306485157,0.23414230158357852,12m_20pct,all,market_raw,289,43,0.14878892733564014,-0.1618829807976323,0.0726643598615917,0.19047619047619047,0.09302325581395349,0.06910569105691057,2001-08-31,2025-08-29
0.16584580069990174,0.5543818570508796,0.5725089809037625,0.2317822268206788,12m_20pct,all,market_scaled,289,43,0.14878892733564014,-0.21647853389693927,0.11072664359861592,0.28125,0.20930232558139536,0.09349593495934959,2001-08-31,2025-08-29
0.16260841292460096,0.5436992145099502,0.5876347135564379,0.24410590582841712,12m_20pct,all,market_null,289,43,0.14878892733564014,-0.19273230265120533,0.10726643598615918,0.2903225806451613,0.20930232558139536,0.08943089430894309,2001-08-31,2025-08-29
0.13830071795351026,0.47869598632485916,0.02004219409282701,0.08146346555901121,12m_20pct,pre2017,base_rate,185,27,0.14594594594594595,0.0,,,,,2001-08-31,2016-12-30
0.12235519401360863,0.43781321466518464,0.48171589310829815,0.27686986466100694,12m_20pct,pre2017,tda_raw,185,27,0.14594594594594595,0.11529603154527157,0.021621621621621623,0.5,0.07407407407407407,0.012658227848101266,2001-08-31,2016-12-30
0.1462737342495599,0.5095974677531351,0.11837787154242849,0.08393929555763618,12m_20pct,pre2017,tda_scaled,185,27,0.14594594594594595,-0.05764985470812789,0.20540540540540542,0.05263157894736842,0.07407407407407407,0.22784810126582278,2001-08-31,2016-12-30
0.13890494300794393,0.4807279179039721,0.11908110642287857,0.08408102736910372,12m_20pct,pre2017,tda_null,185,27,0.14594594594594595,-0.004368922037243372,0.11351351351351352,0.19047619047619047,0.14814814814814814,0.10759493670886076,2001-08-31,2016-12-30
0.15820616214871355,0.4986928493758883,0.7899671823722456,0.35924406942855486,12m_20pct,pre2017,market,185,27,0.14594594594594595,-0.14392871193838985,0.13513513513513514,0.36,0.3333333333333333,0.10126582278481013,2001-08-31,2016-12-30
0.15138407730895262,0.49250939222895235,0.7395686826066573,0.3419686350379943,12m_20pct,pre2017,market_raw,185,27,0.14594594594594595,-0.09460080575894292,0.0918918918918919,0.23529411764705882,0.14814814814814814,0.08227848101265822,2001-08-31,2016-12-30
0.16206564919704622,0.5133205066384029,0.7681669010782934,0.3417623276366068,12m_20pct,pre2017,market_scaled,185,27,0.14594594594594595,-0.1718351979309647,0.13513513513513514,0.36,0.3333333333333333,0.10126582278481013,2001-08-31,2016-12-30
0.15718141739798597,0.4960907857682917,0.7794186591654946,0.35591059554031235,12m_20pct,pre2017,market_null,185,27,0.14594594594594595,-0.136519171583928,0.13513513513513514,0.36,0.3333333333333333,0.10126582278481013,2001-08-31,2016-12-30
0.13283189353689948,0.44045158581295907,0.20703125,0.10228908193938273,12m_20pct,post2017,base_rate,104,16,0.15384615384615385,0.0,,,,,2017-01-31,2025-08-29
0.18004215781158922,0.5828999372629399,0.3210227272727273,0.11391015174704305,12m_20pct,post2017,tda_raw,104,16,0.15384615384615385,-0.35541362106364294,0.1346153846153846,0.0,0.0,0.1590909090909091,2017-01-31,2025-08-29
0.1325116300743063,0.43720662953731987,0.4644886363636364,0.14447089566054602,12m_20pct,post2017,tda_scaled,104,16,0.15384615384615385,0.0024110434178535867,0.125,0.07692307692307693,0.0625,0.13636363636363635,2017-01-31,2025-08-29
0.13315836612139786,0.4422459561123151,0.3963068181818182,0.13748076408669269,12m_20pct,post2017,tda_null,104,16,0.15384615384615385,-0.0024577876276956623,0.057692307692307696,0.0,0.0,0.06818181818181818,2017-01-31,2025-08-29
0.1721846336613562,0.619952073961836,0.18181818181818182,0.09659181476023768,12m_20pct,post2017,market,104,16,0.15384615384615385,-0.2962597240513243,0.0673076923076923,0.0,0.0,0.07954545454545454,2017-01-31,2025-08-29
0.17088758781115623,0.6323431243719096,0.23508522727272727,0.10264537478163895,12m_20pct,post2017,market_raw,104,16,0.15384615384615385,-0.2864951576082535,0.038461538461538464,0.0,0.0,0.045454545454545456,2017-01-31,2025-08-29
0.1725701086617121,0.6274236823038433,0.18536931818181818,0.09708218479711325,12m_20pct,post2017,market_scaled,104,16,0.15384615384615385,-0.29916170030184586,0.0673076923076923,0.0,0.0,0.07954545454545454,2017-01-31,2025-08-29
0.17226220304406026,0.628387284867708,0.20525568181818182,0.09912074765492712,12m_20pct,post2017,market_null,104,16,0.15384615384615385,-0.29684369060211746,0.057692307692307696,0.0,0.0,0.06818181818181818,2017-01-31,2025-08-29
0.08616141221455888,0.32651482023486256,0.1126366641240783,0.04817565184015038,12m_20pct,not_in_large_drawdown,base_rate,226,19,0.084070796460177,0.0,,,,,2003-05-30,2025-08-29
0.09296046951718775,0.33704484799983553,0.4238494787693872,0.07758222524125748,12m_20pct,not_in_large_drawdown,tda_raw,226,19,0.084070796460177,-0.07891069944046292,0.05309734513274336,0.0,0.0,0.057971014492753624,2003-05-30,2025-08-29
0.08985317780841429,0.33609823308191045,0.2997711670480549,0.05902957531389598,12m_20pct,not_in_large_drawdown,tda_scaled,226,19,0.084070796460177,-0.042847087796822336,0.1504424778761062,0.029411764705882353,0.05263157894736842,0.15942028985507245,2003-05-30,2025-08-29
0.0868175461239169,0.3284341241934257,0.2595982710399186,0.0557411435633354,12m_20pct,not_in_large_drawdown,tda_null,226,19,0.084070796460177,-0.0076151712523480075,0.07964601769911504,0.0,0.0,0.08695652173913043,2003-05-30,2025-08-29
0.08332569684768175,0.32853129195211517,0.3590134757182812,0.06727660913160996,12m_20pct,not_in_large_drawdown,market,226,19,0.084070796460177,0.032911663051850115,0.0,,0.0,0.0,2003-05-30,2025-08-29
0.08524275295736566,0.34478599742969607,0.402745995423341,0.07096955732434233,12m_20pct,not_in_large_drawdown,market_raw,226,19,0.084070796460177,0.010662072888331653,0.004424778761061947,0.0,0.0,0.004830917874396135,2003-05-30,2025-08-29
0.08371674418692315,0.33376537739913065,0.3557081108568523,0.06630063976924747,12m_20pct,not_in_large_drawdown,market_scaled,226,19,0.084070796460177,0.02837311929785946,0.0,,0.0,0.0,2003-05-30,2025-08-29
0.08337876545518494,0.33482904394690677,0.357487922705314,0.066439747151561,12m_20pct,not_in_large_drawdown,market_null,226,19,0.084070796460177,0.032295742233711344,0.0,,0.0,0.0,2003-05-30,2025-08-29
0.13108723045356308,0.4449867793985401,0.21981674452030187,0.09295602299459604,6m_15pct,all,base_rate,297,44,0.14814814814814814,0.0,,,,,2001-06-29,2026-02-27
0.13331020290168275,0.45610895103126137,0.46775062881782253,0.1616957323104027,6m_15pct,all,tda_raw,297,44,0.14814814814814814,-0.016957963338062543,0.06060606060606061,0.2222222222222222,0.09090909090909091,0.05533596837944664,2001-06-29,2026-02-27
0.13351528269595872,0.45287491545328673,0.3334531081566655,0.10850992640684301,6m_15pct,all,tda_scaled,297,44,0.14814814814814814,-0.018522416210904558,0.20875420875420875,0.12903225806451613,0.18181818181818182,0.2134387351778656,2001-06-29,2026-02-27
0.1322236417942621,0.450678312891423,0.21802012217031982,0.09567351334159553,6m_15pct,all,tda_null,297,44,0.14814814814814814,-0.008669123123335787,0.11447811447811448,0.058823529411764705,0.045454545454545456,0.12648221343873517,2001-06-29,2026-02-27
0.14067991942337243,0.4635132012732909,0.5865971972691341,0.2765749453025731,6m_15pct,all,market,297,44,0.14814814814814814,-0.0731779055566173,0.13131313131313133,0.3076923076923077,0.2727272727272727,0.1067193675889328,2001-06-29,2026-02-27
0.13984442172994618,0.4739907139295642,0.5913582464965863,0.2776706023918247,6m_15pct,all,market_raw,297,44,0.14814814814814814,-0.06680430463045983,0.1111111111111111,0.30303030303030304,0.22727272727272727,0.09090909090909091,2001-06-29,2026-02-27
0.142018656563668,0.47127999618582256,0.5720445562342796,0.26870864850543774,6m_15pct,all,market_scaled,297,44,0.14814814814814814,-0.08339047268206135,0.13131313131313133,0.3076923076923077,0.2727272727272727,0.1067193675889328,2001-06-29,2026-02-27
0.14015967907196294,0.4712183367473349,0.5798598634567014,0.27319375682192654,6m_15pct,all,market_null,297,44,0.14814814814814814,-0.06920924781925075,0.11784511784511785,0.34285714285714286,0.2727272727272727,0.09090909090909091,2001-06-29,2026-02-27
0.13007293292841432,0.4478019837343874,0.1804398148148148,0.08831550956106717,6m_15pct,pre2017,base_rate,187,27,0.1443850267379679,0.0,,,,,2001-06-29,2016-12-30
0.12191214665445621,0.4244267316441392,0.5027777777777778,0.3055494907861099,6m_15pct,pre2017,tda_raw,187,27,0.1443850267379679,0.06274008043202506,0.026737967914438502,0.8,0.14814814814814814,0.00625,2001-06-29,2016-12-30
0.1319867135477539,0.44905979868493656,0.3104166666666667,0.10413442814597199,6m_15pct,pre2017,tda_scaled,187,27,0.1443850267379679,-0.014713134979379872,0.3155080213903743,0.13559322033898305,0.2962962962962963,0.31875,2001-06-29,2016-12-30
0.1314495298145038,0.4548767380762397,0.16620370370370374,0.09465132117664544,6m_15pct,pre2017,tda_null,187,27,0.1443850267379679,-0.010583269363558578,0.11764705882352941,0.09090909090909091,0.07407407407407407,0.125,2001-06-29,2016-12-30
0.13335522666449912,0.4262774716795727,0.692361111111111,0.37444660325489215,6m_15pct,pre2017,market,187,27,0.1443850267379679,-0.02523425636824239,0.1657754010695187,0.3870967741935484,0.4444444444444444,0.11875,2001-06-29,2016-12-30
0.1307989393180171,0.4326849285559723,0.6872685185185183,0.3875612322882799,6m_15pct,pre2017,market_raw,187,27,0.1443850267379679,-0.005581533169566777,0.1497326203208556,0.35714285714285715,0.37037037037037035,0.1125,2001-06-29,2016-12-30
0.13415946254685882,0.43085217260438036,0.6925925925925925,0.36321204149012803,6m_15pct,pre2017,market_scaled,187,27,0.1443850267379679,-0.031417217452100576,0.1657754010695187,0.3870967741935484,0.4444444444444444,0.11875,2001-06-29,2016-12-30
0.13235896116047466,0.435695083368292,0.6817129629629629,0.3671527336637129,6m_15pct,pre2017,market_null,187,27,0.1443850267379679,-0.017574972598783933,0.16042780748663102,0.4,0.4444444444444444,0.1125,2001-06-29,2016-12-30
0.132811536246316,0.4402009320275996,0.26280834914611007,0.1094437280834358,6m_15pct,post2017,base_rate,110,17,0.15454545454545454,0.0,,,,,2017-01-31,2026-02-27
0.15268689852196787,0.5099687239893691,0.3655913978494624,0.12133355043845613,6m_15pct,post2017,tda_raw,110,17,0.15454545454545454,-0.1496508724873904,0.11818181818181818,0.0,0.0,0.13978494623655913,2017-01-31,2026-02-27
0.13611385024790695,0.4593606139594822,0.3674889310562935,0.12176557736275007,6m_15pct,post2017,tda_scaled,110,17,0.15454545454545454,-0.024864662324712405,0.02727272727272727,0.0,0.0,0.03225806451612903,2017-01-31,2026-02-27
0.13353963215985118,0.4435409900772346,0.31878557874762814,0.11416657577843772,6m_15pct,post2017,tda_null,110,17,0.15454545454545454,-0.0054821737185903885,0.10909090909090909,0.0,0.0,0.12903225806451613,2017-01-31,2026-02-27
0.1531318971134571,0.5268139415826117,0.33523086654016443,0.11687745954253104,6m_15pct,post2017,market,110,17,0.15454545454545454,-0.15300147443106438,0.07272727272727272,0.0,0.0,0.08602150537634409,2017-01-31,2026-02-27
0.1552217418302257,0.5442105490646707,0.3371283997469956,0.11632611375187538,6m_15pct,post2017,market_raw,110,17,0.15454545454545454,-0.16873689001192704,0.045454545454545456,0.0,0.0,0.053763440860215055,2017-01-31,2026-02-27
0.15537928639224358,0.5400072962742745,0.31752055660974066,0.11474933162613615,6m_15pct,post2017,market_scaled,110,17,0.15454545454545454,-0.16992311649850045,0.07272727272727272,0.0,0.0,0.08602150537634409,2017-01-31,2026-02-27
0.153420899521493,0.5316078674917076,0.33143580012650226,0.11627334115453758,6m_15pct,post2017,market_null,110,17,0.15454545454545454,-0.15517750835254462,0.045454545454545456,0.0,0.0,0.053763440860215055,2017-01-31,2026-02-27
0.09113287709663437,0.3315742000713777,0.3519866860827959,0.07554459416301623,6m_15pct,not_in_large_drawdown,base_rate,232,23,0.09913793103448276,0.0,,,,,2003-05-30,2026-02-27
0.09619631874757484,0.3534077307559595,0.40940295402537963,0.09773267041339487,6m_15pct,not_in_large_drawdown,tda_raw,232,23,0.09913793103448276,-0.055561086319829034,0.04310344827586207,0.0,0.0,0.04784688995215311,2003-05-30,2026-02-27
0.09524010544692404,0.34952319165101325,0.35926773455377575,0.08183174484958808,6m_15pct,not_in_large_drawdown,tda_scaled,232,23,0.09913793103448276,-0.04506856889785782,0.15086206896551724,0.11428571428571428,0.17391304347826086,0.14832535885167464,2003-05-30,2026-02-27
0.09242769850291681,0.33743226696130757,0.28916163927605576,0.06784552089011289,6m_15pct,not_in_large_drawdown,tda_null,232,23,0.09913793103448276,-0.014208060225174846,0.1206896551724138,0.0,0.0,0.1339712918660287,2003-05-30,2026-02-27
0.09392340015920021,0.35311750347742094,0.3854795090493031,0.08284592669698818,6m_15pct,not_in_large_drawdown,market,232,23,0.09913793103448276,-0.030620377096257645,0.008620689655172414,0.0,0.0,0.009569377990430622,2003-05-30,2026-02-27
0.09514474844019008,0.36951982913135106,0.40066569586020384,0.08768207717907052,6m_15pct,not_in_large_drawdown,market_raw,232,23,0.09913793103448276,-0.04402221757249758,0.004310344827586207,0.0,0.0,0.004784688995215311,2003-05-30,2026-02-27
0.09530476217271398,0.3621013609011938,0.34782608695652173,0.07661443928766215,6m_15pct,not_in_large_drawdown,market_scaled,232,23,0.09913793103448276,-0.045778046397634053,0.01293103448275862,0.0,0.0,0.014354066985645933,2003-05-30,2026-02-27
0.09457941303043554,0.36453483584479135,0.36155606407322655,0.08089335726973965,6m_15pct,not_in_large_drawdown,market_null,232,23,0.09913793103448276,-0.037818798699250866,0.0,,0.0,0.0,2003-05-30,2026-02-27
