target,period,new,old,delta_brier,brier_lo,brier_hi,delta_ap,ap_lo,ap_hi,valid_bootstrap
12m_20pct,all,tda_scaled,tda_raw,-0.0017932350900568643,-0.04549389021624032,0.02704519761858358,-0.060613425167870466,-0.3178511063647173,-0.002915230115864061,500
12m_20pct,all,tda_null,tda_raw,-0.006277545923279831,-0.0451677072012569,0.020753634684544435,-0.062028445613912825,-0.32099353803004393,-0.006437510215774398,500
12m_20pct,all,market,tda_raw,0.020121960530692654,-0.011485442482849396,0.06592368664896743,0.09183527302564251,-0.06115318866641477,0.14229799676955845,500
12m_20pct,all,market_raw,market,-0.004833835514797788,-0.0173554039614984,0.0004106827867910637,-0.011080606008149224,-0.022916013330208828,0.03957582658369774,500
12m_20pct,all,market_scaled,market,0.0026093235431783844,-0.0007652161667748109,0.0042392050182360275,-0.01344068077104893,-0.020142334265141934,0.00361740152241176,500
12m_20pct,all,market_null,market,-0.0006280642321224221,-0.003709395196652733,0.0025097123235807398,-0.0011170017633106155,-0.00942459997351382,0.0061692065154002225,500
12m_20pct,post2017,tda_scaled,tda_raw,-0.04753052773728286,-0.14164540758936867,0.001259988672699989,0.03056074391350297,-0.030134571568694896,0.15932061301133177,500
12m_20pct,post2017,tda_null,tda_raw,-0.046883791690191336,-0.13850056348693343,0.0020153963000260817,0.023570612339649633,-0.036352702840596815,0.09899917609389094,500
12m_20pct,post2017,market,tda_raw,-0.007857524150232994,-0.0626236613187258,0.03066565575255729,-0.017318336986805377,-0.09298422133969547,1.3398734348870771e-05,500
12m_20pct,post2017,market_raw,market,-0.0012970458501999364,-0.012273257934889465,0.01418211217078231,0.006053560021401269,-0.011335877933594807,0.018164632326672484,500
12m_20pct,post2017,market_scaled,market,0.00038547500035589026,-0.001912403003756061,0.00247308924188345,0.0004903700368755759,-0.001416297687063347,0.001945293252241177,500
12m_20pct,post2017,market_null,market,7.756938270404616e-05,-0.00607013038802607,0.005935283292539793,0.002528932894689445,-0.0009889395285187597,0.004745889518875881,500
6m_15pct,all,tda_scaled,tda_raw,0.00020507979427598084,-0.01854821226016972,0.01538666331976742,-0.0531858059035597,-0.29376101906152696,0.032462725965080395,500
6m_15pct,all,tda_null,tda_raw,-0.0010865611074206416,-0.018667995300299736,0.013844347455966912,-0.06602221896880718,-0.2947475276546494,-0.00046190699561453785,500
6m_15pct,all,market,tda_raw,0.007369716521689718,-0.007694248479976805,0.031429704634332,0.11487921299217038,-0.022243533870970538,0.17694432591280096,500
6m_15pct,all,market_raw,market,-0.000835497693426258,-0.004049483339827775,0.0020697609180722466,0.0010956570892515782,-0.011625383360264174,0.034143374228738366,500
6m_15pct,all,market_scaled,market,0.0013387371402955287,-0.0003336648371055211,0.004173071581383814,-0.007866296797135353,-0.020538192709104015,-4.9486133171170536e-05,500
6m_15pct,all,market_null,market,-0.0005202403514094955,-0.002419093557840287,0.0012693595142505472,-0.0033811884806465575,-0.020121122115804815,0.016695241792881493,500
6m_15pct,post2017,tda_scaled,tda_raw,-0.016573048274060923,-0.058385162651282504,0.0034727681739657526,0.0004320269242939351,-0.049495281979317775,0.06210766786681194,500
6m_15pct,post2017,tda_null,tda_raw,-0.01914726636211669,-0.05735235409223408,-0.000570882899341648,-0.0071669746600184076,-0.0388170867345583,0.022404486802512814,500
6m_15pct,post2017,market,tda_raw,0.0004449985914892836,-0.01938815702082531,0.01491908003369887,-0.004456090895925094,-0.04082490957837336,0.014885918604976572,500
6m_15pct,post2017,market_raw,market,0.00208984471676856,-0.002224070738461439,0.0079487447019528,-0.0005513457906556607,-0.009833766440145721,0.011286747931060537,500
6m_15pct,post2017,market_scaled,market,0.0022473892787863966,-0.0006264544601258413,0.006770622262515634,-0.002128127916394884,-0.009664313190592471,0.005734769062548357,500
6m_15pct,post2017,market_null,market,0.0002890024080358911,-0.0011145131933552235,0.0016765666674516309,-0.0006041183879934575,-0.003586850053486661,0.00218162195214745,500
