rho,sigma,replicate,l1,scale_free_l1
0.0,1.0,0,0.13727736122535106,0.13639701588121222
0.0,3.0,0,1.2354957101382382,0.13639695616773986
0.0,1.0,1,0.11367731208832499,0.1305594634501706
0.0,3.0,1,1.0230956623577896,0.13055944476301182
0.0,1.0,2,0.16086141955103628,0.1615181124621479
0.0,3.0,2,1.4477531003219468,0.16151814864956815
0.0,1.0,3,0.2842202652660699,0.25953067411751635
0.0,3.0,3,2.5579819541420505,0.2595306301600856
0.0,1.0,4,0.21623662103142038,0.23524024262025978
0.0,3.0,4,1.946130406482169,0.23524034140000336
0.0,1.0,5,0.08811580180568601,0.13246525229778566
0.0,3.0,5,0.7930423073412243,0.13246526751294851
0.0,1.0,6,0.08767769788274293,0.09805104370739383
0.0,3.0,6,0.7890995878711919,0.09805108184513509
0.0,1.0,7,0.06322197188089973,0.06325894835684444
0.0,3.0,7,0.5689975587175837,0.06325892743233419
0.0,1.0,8,0.10958719237200043,0.1127762748854831
0.0,3.0,8,0.9862848462232989,0.11277628802084595
0.0,1.0,9,0.18856104837543342,0.17208708002378645
0.0,3.0,9,1.6970496365735528,0.17208710042566713
0.0,1.0,10,0.08708755925301759,0.09490951072151219
0.0,3.0,10,0.7837881948868528,0.09490953029095746
0.0,1.0,11,0.10326383067908296,0.11263577704426203
0.0,3.0,11,0.9293742770774287,0.11263575292224703
0.0,1.0,12,0.15816891878021266,0.141190061163873
0.0,3.0,12,1.4235204423685417,0.14119007835703953
0.0,1.0,13,0.208979254430667,0.20176709056545467
0.0,3.0,13,1.8808130496792472,0.2017670647979844
0.0,1.0,14,0.11152823928291955,0.10619785945040533
0.0,3.0,14,1.0037539447395716,0.10619783735851665
0.0,1.0,15,0.08605759453873052,0.1020040884763552
0.0,3.0,15,0.7745183521099079,0.10200408864247283
0.0,1.0,16,0.08698188685339048,0.09480966739723143
0.0,3.0,16,0.7828369391000933,0.09480966224030139
0.0,1.0,17,0.156041046885961,0.15212656053410084
0.0,3.0,17,1.4043690732033554,0.15212652275399519
0.0,1.0,18,0.31701042033103377,0.2907653986522838
0.0,3.0,18,2.853094050440859,0.29076542590991056
0.0,1.0,19,0.12393545277751983,0.13000857200273913
0.0,3.0,19,1.115419526398128,0.13000862461608342
0.0,1.0,20,0.12004212548487292,0.13176210903445823
0.0,3.0,20,1.080379287383522,0.1317621283064007
0.0,1.0,21,0.2033041549553083,0.2238701194593608
0.0,3.0,21,1.8297372663239884,0.22387010376494043
0.0,1.0,22,0.22849552054309186,0.25622517014023527
0.0,3.0,22,2.056459261750504,0.2562251174193221
0.0,1.0,23,0.08558199893013363,0.10080208522046293
0.0,3.0,23,0.7702382821393172,0.10080212340454979
0.0,1.0,24,0.1368421541944409,0.12709690809597032
0.0,3.0,24,1.2315796771285505,0.1270969379593502
0.0,1.0,25,0.1666063067039083,0.1466842138165318
0.0,3.0,25,1.4994571950422966,0.1466842563417143
0.0,1.0,26,0.07858566217606011,0.0745510300306398
0.0,3.0,26,0.7072709401476089,0.07455102798185878
0.0,1.0,27,0.17110259521966142,0.1596885618216249
0.0,3.0,27,1.5399232611088394,0.15968855188019435
0.0,1.0,28,0.13674697560675853,0.1483169789092996
0.0,3.0,28,1.2307230917988505,0.1483170164292967
0.0,1.0,29,0.12958272037790053,0.13272725735780064
0.0,3.0,29,1.1662442965121187,0.13272723608845025
0.0,1.0,30,0.10555451475338717,0.12074743420194317
0.0,3.0,30,0.9499907320711003,0.12074744682215934
0.0,1.0,31,0.34316657435801545,0.34182058048218417
0.0,3.0,31,3.088499577380176,0.3418206256551985
0.0,1.0,32,0.3020290891141393,0.294210183643088
0.0,3.0,32,2.71826128492863,0.2942101276750864
0.0,1.0,33,0.27388488181809834,0.24021540077986803
0.0,3.0,33,2.4649643207847873,0.24021543824250993
0.0,1.0,34,0.10770266197627087,0.12490246087044697
0.0,3.0,34,0.9693244335474702,0.12490252217474392
0.0,1.0,35,0.17499824042531742,0.15589270504616815
0.0,3.0,35,1.5749836869764238,0.15589265784717943
0.0,1.0,36,0.22346521460522695,0.19796672560338632
0.0,3.0,36,2.011186988080013,0.19796673117792712
0.0,1.0,37,0.2239790673274129,0.22556586954563254
0.0,3.0,37,2.0158117595819363,0.22556588673715078
0.0,1.0,38,0.21320927553922786,0.21559305643708462
0.0,3.0,38,1.9188834526348444,0.21559305337902696
0.0,1.0,39,0.14935706560241968,0.14721831389675308
0.0,3.0,39,1.3442141169363993,0.14721837156065073
0.0,1.0,40,0.0810391552582832,0.0849784846043295
0.0,3.0,40,0.7293524259400641,0.08497848793838739
0.0,1.0,41,0.18156564459387425,0.18476001803458122
0.0,3.0,41,1.6340907127965494,0.18476000802278203
0.0,1.0,42,0.13211579825282627,0.11834383337734256
0.0,3.0,42,1.1890424705679123,0.11834386187166303
0.0,1.0,43,0.11428346019958813,0.11708123381567292
0.0,3.0,43,1.0285508791744036,0.11708120392110219
0.0,1.0,44,0.10900640894157476,0.10084996296137828
0.0,3.0,44,0.9810574208719629,0.1008499362750032
0.0,1.0,45,0.16748261699675382,0.1736252820531281
0.0,3.0,45,1.5073432859909701,0.17362525130071899
0.0,1.0,46,0.13082217304929689,0.13835097843923733
0.0,3.0,46,1.1773994147896616,0.1383509616765999
0.0,1.0,47,0.08788077179800968,0.11274405800584669
0.0,3.0,47,0.7909270955417185,0.11274407929657528
0.0,1.0,48,0.10357144407795094,0.09009240386094734
0.0,3.0,48,0.932143184135839,0.09009242197662805
0.0,1.0,49,0.36231690920971804,0.3755481037867796
0.0,3.0,49,3.260852106548583,0.37554809499493
0.0,1.0,50,0.0633142405370899,0.07130311595297881
0.0,3.0,50,0.5698281727918157,0.07130311694877142
0.0,1.0,51,0.15558158980828551,0.15158979588516547
0.0,3.0,51,1.4002343907705814,0.15158980481620904
0.0,1.0,52,0.3122419721647276,0.31718845295449305
0.0,3.0,52,2.8101783777677554,0.3171885238698694
0.0,1.0,53,0.17013616779909846,0.21199928114494562
0.0,3.0,53,1.5312258929498626,0.21199933413806465
0.0,1.0,54,0.06639838670066567,0.0640964633272274
0.0,3.0,54,0.5975853676912521,0.06409645124827516
0.0,1.0,55,0.14681226392819724,0.14557432449648483
0.0,3.0,55,1.3213102699569959,0.14557431288447806
0.0,1.0,56,0.2526136776504764,0.24697411790690313
0.0,3.0,56,2.273522751462494,0.24697408016953337
0.0,1.0,57,0.21140665379876822,0.2327048398934245
0.0,3.0,57,1.9026598878000698,0.232704840335087
0.0,1.0,58,0.10924548147513846,0.09167249097963244
0.0,3.0,58,0.9832092737529479,0.091672485429798
0.0,1.0,59,0.20180859504416304,0.22972422442718451
0.0,3.0,59,1.8162774982232293,0.22972424249190201
0.0,1.0,60,0.1550453853221052,0.1563378572542822
0.0,3.0,60,1.395408750895271,0.1563378889604385
0.0,1.0,61,0.2206136692661076,0.2045758139599179
0.0,3.0,61,1.9855229540624038,0.20457580681632617
0.0,1.0,62,0.23958169670431317,0.2383067281378182
0.0,3.0,62,2.1562349071622435,0.2383066879996095
0.0,1.0,63,0.2329057030493935,0.24664594491757588
0.0,3.0,63,2.096151538631446,0.2466459697671146
0.0,1.0,64,0.11366569644920332,0.11844830643140769
0.0,3.0,64,1.0229912406526864,0.11844830326000616
0.0,1.0,65,0.17403394241047465,0.16796331308876258
0.0,3.0,65,1.5663054937805043,0.16796331438483394
0.0,1.0,66,0.13866167547472585,0.1296963281681428
0.0,3.0,66,1.2479554019964922,0.12969636170790175
0.0,1.0,67,0.1360537339594865,0.1440777714612009
0.0,3.0,67,1.2244835581979174,0.14407776587951435
0.0,1.0,68,0.2358498748653659,0.22963334268951446
0.0,3.0,68,2.1226484589669212,0.22963329781312464
0.0,1.0,69,0.06784314743722675,0.06265979443045097
0.0,3.0,69,0.6105884258945764,0.06265980458587629
0.0,1.0,70,0.23036081419908427,0.2372504944240339
0.0,3.0,70,2.0732477658986994,0.23725054455847125
0.0,1.0,71,0.12940193915713305,0.1551744849182199
0.0,3.0,71,1.1646170670884572,0.15517443357713526
0.0,1.0,72,0.16212233588262848,0.1639827072369579
0.0,3.0,72,1.4591009005390418,0.16398269348037778
0.0,1.0,73,0.0639473177306975,0.0720226799529312
0.0,3.0,73,0.5755258974448054,0.07202268469188916
0.0,1.0,74,0.20198882867283885,0.18792715505386764
0.0,3.0,74,1.8178997682776696,0.1879271871233862
0.0,1.0,75,0.1625240252657676,0.1439108275174752
0.0,3.0,75,1.4627168128641443,0.14391088511975816
0.0,1.0,76,0.0831420444214288,0.0897289919292786
0.0,3.0,76,0.7482784503090159,0.08972899798686872
0.0,1.0,77,0.1928621886174362,0.17822907824850476
0.0,3.0,77,1.7357594486849592,0.17822905269414877
0.0,1.0,78,0.26450964440681446,0.2710697182561797
0.0,3.0,78,2.380587355539461,0.2710697815522244
0.0,1.0,79,0.18736821365892098,0.18942019770856172
0.0,3.0,79,1.6863135283109472,0.18942015338177726
0.0,1.0,80,0.04922577188344057,0.04734015307319382
0.0,3.0,80,0.4430317236925845,0.04734012921693246
0.0,1.0,81,0.07882454299904751,0.08208076828466568
0.0,3.0,81,0.7094207103995132,0.0820807478527891
0.0,1.0,82,0.3102659401346557,0.2545271053669116
0.0,3.0,82,2.792393047488929,0.2545270676559973
0.0,1.0,83,0.24719052224870808,0.22436473028730955
0.0,3.0,83,2.2247157671513094,0.22436483788655956
0.0,1.0,84,0.2212356107036193,0.21250243785035564
0.0,3.0,84,1.9911203247257134,0.21250241953560464
0.0,1.0,85,0.12150362561378714,0.12020254846156166
0.0,3.0,85,1.0935329682909014,0.12020258558933551
0.0,1.0,86,0.19322209383876388,0.1762357461397674
0.0,3.0,86,1.73899869340228,0.1762357308220844
0.0,1.0,87,0.21387081827051801,0.21838944163223492
0.0,3.0,87,1.9248376922277401,0.21838947882319382
0.0,1.0,88,0.16917309252397672,0.166293045781625
0.0,3.0,88,1.522557135106652,0.1662929695890851
0.0,1.0,89,0.2330608644202563,0.2103787064947861
0.0,3.0,89,2.0975476680227985,0.21037869528559172
0.0,1.0,90,0.3116205726982706,0.3303051719230396
0.0,3.0,90,2.804586189866882,0.3303052938869734
0.0,1.0,91,0.20681984693870792,0.23064937055367704
0.0,3.0,91,1.8613786392458564,0.23064937263510712
0.0,1.0,92,0.2973066905523085,0.2554631488559595
0.0,3.0,92,2.675760659215925,0.25546319126942535
0.0,1.0,93,0.2977405002503879,0.2751859993816143
0.0,3.0,93,2.6796644736317035,0.2751859964423228
0.0,1.0,94,0.10791720149741924,0.11177761097482726
0.0,3.0,94,0.9712546512306801,0.11177759230261027
0.0,1.0,95,0.16301433349252736,0.15488028582579685
0.0,3.0,95,1.4671289188901824,0.15488027711203284
0.0,1.0,96,0.18787599892220275,0.18872483314209457
0.0,3.0,96,1.6908838140005429,0.18872481346478215
0.0,1.0,97,0.5192201843182689,0.4053024498883803
0.0,3.0,97,4.672981994709772,0.40530247901730787
0.0,1.0,98,0.14784303842921176,0.15999379817629705
0.0,3.0,98,1.33058758539309,0.1599938269781221
0.0,1.0,99,0.219351326918666,0.2186479372526874
0.0,3.0,99,1.9741617603574895,0.2186479171052235
0.5,1.0,0,0.13973481683532274,0.1301308928528473
0.5,3.0,0,1.2576130780837644,0.13013086455939074
0.5,1.0,1,0.15120890922294628,0.15674495996776397
0.5,3.0,1,1.360880296978337,0.1567449730949361
0.5,1.0,2,0.15914906483298186,0.19238097491717368
0.5,3.0,2,1.432341561375182,0.19238097194596515
0.5,1.0,3,0.14316654247343852,0.11036461282434612
0.5,3.0,3,1.2884985382622318,0.11036458335960576
0.5,1.0,4,0.06177677290432637,0.06867366074733101
0.5,3.0,4,0.5559912298233485,0.06867369455167656
0.5,1.0,5,0.07190212746723201,0.09183800284552451
0.5,3.0,5,0.64711942574219,0.09183804237501653
0.5,1.0,6,0.1420603881487672,0.11515399606182065
0.5,3.0,6,1.2785436695022696,0.11515401192824641
0.5,1.0,7,0.09481813181723542,0.10573748765287698
0.5,3.0,7,0.853363062804064,0.1057374723440632
0.5,1.0,8,0.03800700870185558,0.04360494420941219
0.5,3.0,8,0.3420631222776933,0.04360494981339804
0.5,1.0,9,0.05468660728587427,0.0513211732166335
0.5,3.0,9,0.4921796575825397,0.05132119323811406
0.5,1.0,10,0.08182220309976351,0.07620551793473544
0.5,3.0,10,0.736399584310206,0.07620549272733654
0.5,1.0,11,0.05157549249622839,0.05209907696689969
0.5,3.0,11,0.46417934744387424,0.05209906742408747
0.5,1.0,12,0.03908658301462964,0.04062316347394198
0.5,3.0,12,0.3517793401655638,0.040623174217416035
0.5,1.0,13,0.11124011498663755,0.10370666349808287
0.5,3.0,13,1.001160942115149,0.10370665388893342
0.5,1.0,14,0.11533241410521988,0.09469304761015603
0.5,3.0,14,1.0379918492783844,0.09469305877010395
0.5,1.0,15,0.07637961967082063,0.07315458000303422
0.5,3.0,15,0.6874165394924603,0.07315457600751922
0.5,1.0,16,0.17477289275534957,0.17365418647354042
0.5,3.0,16,1.5729563498740333,0.1736542212578864
0.5,1.0,17,0.13354857544744547,0.1378573435753002
0.5,3.0,17,1.2019375748491825,0.13785738897450595
0.5,1.0,18,0.15141612546060568,0.15969176776569802
0.5,3.0,18,1.3627451077375952,0.15969176525704226
0.5,1.0,19,0.07377736490260833,0.0810392578106719
0.5,3.0,19,0.663996291939128,0.08103925876455483
0.5,1.0,20,0.09771338714821276,0.10252365197804715
0.5,3.0,20,0.8794205432998439,0.1025236588523496
0.5,1.0,21,0.1858844859997859,0.15951995362371976
0.5,3.0,21,1.672960972401512,0.15952001068262586
0.5,1.0,22,0.09559552568304963,0.09985190218189377
0.5,3.0,22,0.8603595899694518,0.09985188579701329
0.5,1.0,23,0.224755557139515,0.21772474731768598
0.5,3.0,23,2.022800042240334,0.21772475032982827
0.5,1.0,24,0.09160362112664178,0.10357177295760865
0.5,3.0,24,0.8244328545564201,0.10357180617572856
0.5,1.0,25,0.10923416676123665,0.11260249050634952
0.5,3.0,25,0.9831073942702346,0.11260247829886028
0.5,1.0,26,0.1618853497514765,0.1834227867791985
0.5,3.0,26,1.4569680631554291,0.1834227761276208
0.5,1.0,27,0.09179169591109293,0.07529837909467167
0.5,3.0,27,0.8261257271797575,0.07529842138479105
0.5,1.0,28,0.09558253463021149,0.10362900002080906
0.5,3.0,28,0.8602430189452406,0.10362902498995544
0.5,1.0,29,0.07967613840266452,0.0793135405302177
0.5,3.0,29,0.7170857381082101,0.07931359500166045
0.5,1.0,30,0.03553250252813278,0.03491736509786631
0.5,3.0,30,0.3197925304847331,0.03491736594205408
0.5,1.0,31,0.07835165982554049,0.07098078291323329
0.5,3.0,31,0.7051648187852493,0.07098077086999634
0.5,1.0,32,0.12094089344781622,0.11113582388517251
0.5,3.0,32,1.0884682156070085,0.11113584170996892
0.5,1.0,33,0.0696104462069913,0.05691694233239637
0.5,3.0,33,0.6264941366545322,0.05691695330630667
0.5,1.0,34,0.23795900078444276,0.24421074814296295
0.5,3.0,34,2.141630610267157,0.24421070289657218
0.5,1.0,35,0.11908517505825067,0.1318080821293713
0.5,3.0,35,1.071766664147873,0.131808093028488
0.5,1.0,36,0.09295672464674176,0.10570693463612658
0.5,3.0,36,0.8366107913685426,0.10570696869388461
0.5,1.0,37,0.18146924551670196,0.1888528965280189
0.5,3.0,37,1.6332229683054464,0.18885286862082423
0.5,1.0,38,0.10514005458816378,0.10845259751072443
0.5,3.0,38,0.9462606048532933,0.10845261052601726
0.5,1.0,39,0.03213108549971011,0.03641765066852724
0.5,3.0,39,0.28917969505664587,0.03641764129388442
0.5,1.0,40,0.11726273223750283,0.10709203559335627
0.5,3.0,40,1.0553645915138503,0.1070920357330174
0.5,1.0,41,0.1984692460323032,0.18884894890472909
0.5,3.0,41,1.7862234854628696,0.18884897757447947
0.5,1.0,42,0.09144290330663551,0.09523427909425371
0.5,3.0,42,0.8229863622230198,0.09523430599443344
0.5,1.0,43,0.05917167274466273,0.07086254604124854
0.5,3.0,43,0.5325451546906095,0.07086255934613214
0.5,1.0,44,0.15626147781978705,0.16093483481567902
0.5,3.0,44,1.406352920930786,0.1609347913939527
0.5,1.0,45,0.12996916049458296,0.12435942760182725
0.5,3.0,45,1.1697220852004477,0.12435938940796006
0.5,1.0,46,0.1293281047713748,0.1614479695882611
0.5,3.0,46,1.1639530342052247,0.1614479822470221
0.5,1.0,47,0.07091688767692972,0.06141410091412169
0.5,3.0,47,0.6382520856629839,0.06141411020637251
0.5,1.0,48,0.2113637022957704,0.18293814276755258
0.5,3.0,48,1.902273476825357,0.18293815778550312
0.5,1.0,49,0.10958715878789338,0.11926582469363517
0.5,3.0,49,0.9862845855028439,0.11926584360763422
0.5,1.0,50,0.10094237159242514,0.11477959340954512
0.5,3.0,50,0.9084812152433841,0.11477957710021858
0.5,1.0,51,0.1094107647524929,0.09221309398574645
0.5,3.0,51,0.9846969821746967,0.09221310329438766
0.5,1.0,52,0.08773813149278897,0.11599002921716321
0.5,3.0,52,0.7896434564710688,0.11599006932318899
0.5,1.0,53,0.18501235812246364,0.1785387170386038
0.5,3.0,53,1.6651111828180234,0.1785387127192045
0.5,1.0,54,0.12165162280387509,0.10894625959006118
0.5,3.0,54,1.0948645148602338,0.10894625059718738
0.5,1.0,55,0.10641545766324256,0.1294369261693842
0.5,3.0,55,0.9577389432774481,0.1294369024249243
0.5,1.0,56,0.183438158662943,0.20011109297398166
0.5,3.0,56,1.6509435478531174,0.2001111075054575
0.5,1.0,57,0.16420106349216557,0.20466471863030444
0.5,3.0,57,1.4778096156845208,0.20466472475926964
0.5,1.0,58,0.1186036493479472,0.10199170498978263
0.5,3.0,58,1.067432800105152,0.10199170078312471
0.5,1.0,59,0.07534291094053636,0.07261436985705524
0.5,3.0,59,0.6780860679843954,0.07261435588426779
0.5,1.0,60,0.04919396639043416,0.059633917520955745
0.5,3.0,60,0.44274571074087987,0.059633919302511586
0.5,1.0,61,0.0427333275995343,0.05849818464636815
0.5,3.0,61,0.38459972379381213,0.0584981504840935
0.5,1.0,62,0.07427199295041209,0.08088789068157072
0.5,3.0,62,0.6684479554152176,0.08088789296397385
0.5,1.0,63,0.11016361628644677,0.0885128268491392
0.5,3.0,63,0.9914723932111684,0.08851281315745033
0.5,1.0,64,0.06082451178272663,0.07444479060366492
0.5,3.0,64,0.5474206016525898,0.07444479000639512
0.5,1.0,65,0.07809885221533186,0.08221131601726697
0.5,3.0,65,0.7028895527151633,0.08221130230666203
0.5,1.0,66,0.11405182343842402,0.11473993761688352
0.5,3.0,66,1.0264660773833185,0.11473990033077289
0.5,1.0,67,0.06327421591058258,0.07628010473940482
0.5,3.0,67,0.5694679402842411,0.07628010434947671
0.5,1.0,68,0.09423071906551694,0.09703615911421487
0.5,3.0,68,0.8480765885765322,0.09703617249975008
0.5,1.0,69,0.16288213215391956,0.15786106677557538
0.5,3.0,69,1.4659390201711489,0.15786104855358993
0.5,1.0,70,0.03321481682707095,0.039807580660335184
0.5,3.0,70,0.2989334304289457,0.03980759117844557
0.5,1.0,71,0.11826663244426872,0.12928448723765826
0.5,3.0,71,1.0643999250820428,0.12928451554854292
0.5,1.0,72,0.11090226677999926,0.10800220512883608
0.5,3.0,72,0.9981203563871901,0.10800220029931734
0.5,1.0,73,0.07538088353239392,0.08010470188198157
0.5,3.0,73,0.6784278863960651,0.08010469416047568
0.5,1.0,74,0.08135308091358517,0.07269268805406212
0.5,3.0,74,0.7321777992768972,0.07269269510856799
0.5,1.0,75,0.05814036252216148,0.059360445225670196
0.5,3.0,75,0.5232632430121242,0.05936044299228464
0.5,1.0,76,0.07006890326875581,0.06138909319895705
0.5,3.0,76,0.6306197383897256,0.06138905513337793
0.5,1.0,77,0.1593604572563203,0.1442687744214902
0.5,3.0,77,1.4342443852823408,0.14426880157797495
0.5,1.0,78,0.06658936018266459,0.07676715737117613
0.5,3.0,78,0.5993041286041461,0.0767671428914741
0.5,1.0,79,0.0535418331992954,0.06576750940204763
0.5,3.0,79,0.4818765152785005,0.06576751165193322
0.5,1.0,80,0.04906659716197215,0.05639633490214447
0.5,3.0,80,0.441599531674953,0.056396354980239184
0.5,1.0,81,0.04425838310540442,0.05786335083115089
0.5,3.0,81,0.39832554012024346,0.05786336422059881
0.5,1.0,82,0.1906722524587643,0.17530871112791319
0.5,3.0,82,1.716049809766048,0.17530866389373054
0.5,1.0,83,0.09576201635660286,0.09467555307990819
0.5,3.0,83,0.8618580601295207,0.0946755435141366
0.5,1.0,84,0.1395106540858464,0.14152083993630557
0.5,3.0,84,1.2555955965066232,0.1415208072198179
0.5,1.0,85,0.15413964559064652,0.13755733023066286
0.5,3.0,85,1.387256573402496,0.1375573067388595
0.5,1.0,86,0.051859534601550905,0.05407236253120987
0.5,3.0,86,0.4667359018380921,0.054072373007043165
0.5,1.0,87,0.07963069924177368,0.07560408188660486
0.5,3.0,87,0.7166761481981752,0.07560406659251372
0.5,1.0,88,0.10006733137904167,0.09282040542522133
0.5,3.0,88,0.9006063654754115,0.09282044490548223
0.5,1.0,89,0.04648774187251714,0.05034498921981127
0.5,3.0,89,0.4183898478917172,0.05034500980100688
0.5,1.0,90,0.08817210898345351,0.10369157723625998
0.5,3.0,90,0.7935488952210363,0.1036915660471404
0.5,1.0,91,0.10021764999855431,0.11902143629648904
0.5,3.0,91,0.9019589933406849,0.11902145521327531
0.5,1.0,92,0.14256655263144058,0.14641498986337095
0.5,3.0,92,1.2830988731840023,0.14641497839538992
0.5,1.0,93,0.29860734861868465,0.23825877903009793
0.5,3.0,93,2.687466191210433,0.23825878378578277
0.5,1.0,94,0.06407015830379947,0.059665248667488575
0.5,3.0,94,0.576631506200556,0.059665257096981776
0.5,1.0,95,0.08673075078521375,0.0911100275406602
0.5,3.0,95,0.7805764384652463,0.09110999035301993
0.5,1.0,96,0.2065795980769174,0.1901344776951613
0.5,3.0,96,1.8592161899062063,0.19013445797971812
0.5,1.0,97,0.19794966668404967,0.175521629377765
0.5,3.0,97,1.7815469486366027,0.17552162430192528
0.5,1.0,98,0.056131994907163474,0.051340289100871246
0.5,3.0,98,0.5051880908948334,0.05134030299624674
0.5,1.0,99,0.0337717147381742,0.033152200284783585
0.5,3.0,99,0.30394536690685925,0.033152193114692204
0.9,1.0,0,0.019171648310831735,0.02214738339408158
0.9,3.0,0,0.17254487934899743,0.022147389112591873
0.9,1.0,1,0.009387711722522063,0.010096616694410823
0.9,3.0,1,0.08448942158702266,0.01009661861651282
0.9,1.0,2,0.023013908627802948,0.017536957139321883
0.9,3.0,2,0.20712524857604464,0.017536963144497333
0.9,1.0,3,0.03177112286629313,0.034677796999991566
0.9,3.0,3,0.2859401143961193,0.03467779804290599
0.9,1.0,4,0.010576219430781464,0.013449223514625734
0.9,3.0,4,0.09518599052256249,0.01344922572524785
0.9,1.0,5,0.019912290658024467,0.027529603361283506
0.9,3.0,5,0.17921069149338464,0.027529614970217338
0.9,1.0,6,0.010939643915125252,0.013628616589000392
0.9,3.0,6,0.09845683845773223,0.013628622571834597
0.9,1.0,7,0.04679280284182408,0.06150983025257626
0.9,3.0,7,0.42113527316272226,0.06150983720289862
0.9,1.0,8,0.007078422453787425,0.007698387185224845
0.9,3.0,8,0.06370579472960358,0.007698386296488532
0.9,1.0,9,0.03283661208454003,0.032479439154504096
0.9,3.0,9,0.2955295661073123,0.032479445457023956
0.9,1.0,10,0.02386916531923866,0.027950548871689625
0.9,3.0,10,0.21482235961088492,0.02795053218348958
0.9,1.0,11,0.012215856084100807,0.00953913649478906
0.9,3.0,11,0.10994272482787792,0.009539138236239109
0.9,1.0,12,0.018599441695039687,0.012849517711590944
0.9,3.0,12,0.16739486160783557,0.012849508987817485
0.9,1.0,13,0.006228740486990958,0.007727842579911408
0.9,3.0,13,0.05605869153197318,0.007727846322483983
0.9,1.0,14,0.023441451241226874,0.02083958030535237
0.9,3.0,14,0.21097301031669247,0.020839575282041375
0.9,1.0,15,0.016227656712023197,0.017156037842353644
0.9,3.0,15,0.1460489384628616,0.017156041137870767
0.9,1.0,16,0.00916093560250375,0.012908881449049264
0.9,3.0,16,0.08244840379537877,0.012908878845749271
0.9,1.0,17,0.01262146366756145,0.012845085363171168
0.9,3.0,17,0.11359314035195567,0.012845081670428483
0.9,1.0,18,0.014820183418224886,0.01933126377378878
0.9,3.0,18,0.13338171584368652,0.01933127320591168
0.9,1.0,19,0.019682995460601482,0.03131081822420878
0.9,3.0,19,0.17714701130152477,0.031310827442828905
0.9,1.0,20,0.00621412098545715,0.006435505197528151
0.9,3.0,20,0.055927091940869644,0.006435505550993664
0.9,1.0,21,0.016622651082871087,0.018150999251940424
0.9,3.0,21,0.1496038605707639,0.018150999352026055
0.9,1.0,22,0.02166350319957111,0.022668018340836132
0.9,3.0,22,0.1949715763750426,0.022668023872512696
0.9,1.0,23,0.03210778426828664,0.024391733192303998
0.9,3.0,23,0.288969990535481,0.024391727462683158
0.9,1.0,24,0.012244734944801827,0.013035505951764052
0.9,3.0,24,0.11020257884813134,0.013035501734240935
0.9,1.0,25,0.006810268945177,0.009562265951644425
0.9,3.0,25,0.061292443889595205,0.009562269599640117
0.9,1.0,26,0.009259659865309189,0.010817442907649513
0.9,3.0,26,0.08333688963875119,0.010817436527923423
0.9,1.0,27,0.010483700677925256,0.00835026035572585
0.9,3.0,27,0.09435328923710884,0.008350258863243807
0.9,1.0,28,0.009439104990124791,0.010385971814015408
0.9,3.0,28,0.08495193827522485,0.010385971002730247
0.9,1.0,29,0.008350421617469017,0.009571885210411395
0.9,3.0,29,0.07515382530164061,0.009571889126142537
0.9,1.0,30,0.02424897151960792,0.023087742017649866
0.9,3.0,30,0.21824066576106205,0.023087733774959533
0.9,1.0,31,0.0043970201099785555,0.0050460539582989055
0.9,3.0,31,0.03957318844568647,0.0050460549090127265
0.9,1.0,32,0.005696452402530916,0.005332708151221133
0.9,3.0,32,0.05126803235735977,0.005332704066982922
0.9,1.0,33,0.026013481174723907,0.028912328467776385
0.9,3.0,33,0.23412141977904,0.02891233948415128
0.9,1.0,34,0.03579126313111747,0.051487443815531095
0.9,3.0,34,0.3221213215441274,0.051487436361307155
0.9,1.0,35,0.030707028254785662,0.028830903253322
0.9,3.0,35,0.2763631056464817,0.028830887746139462
0.9,1.0,36,0.00778114449299161,0.009892501890643163
0.9,3.0,36,0.0700302938917261,0.009892500966066415
0.9,1.0,37,0.014002931199939894,0.010998129974585488
0.9,3.0,37,0.12602630721734798,0.01099812355318692
0.9,1.0,38,0.02390806107165311,0.02326508118757923
0.9,3.0,38,0.2151724696762507,0.023265072541138923
0.9,1.0,39,0.005653629006329375,0.005104736808224941
0.9,3.0,39,0.05088262781472963,0.005104733473240965
0.9,1.0,40,0.009031165812660724,0.008411037104500698
0.9,3.0,40,0.08128051874111364,0.00841103983922679
0.9,1.0,41,0.024629062248532563,0.025300430029174925
0.9,3.0,41,0.22166148441793254,0.025300421375217184
0.9,1.0,42,0.007126953302204697,0.0068029069057338135
0.9,3.0,42,0.06414253754252996,0.0068029024324442995
0.9,1.0,43,0.019128574125549136,0.012527136127722308
0.9,3.0,43,0.1721572048993636,0.012527138876040553
0.9,1.0,44,0.013263417385156018,0.01814211421163991
0.9,3.0,44,0.11937073320121172,0.01814211067576738
0.9,1.0,45,0.009754788253808044,0.011575641896371872
0.9,3.0,45,0.0877930329112786,0.011575633804257064
0.9,1.0,46,0.00474514620183264,0.004589296836336325
0.9,3.0,46,0.04270633083338993,0.004589298450078761
0.9,1.0,47,0.007876676646771053,0.005110685294902491
0.9,3.0,47,0.07089009013292014,0.00511068531739414
0.9,1.0,48,0.025428685449259802,0.018289839604658343
0.9,3.0,48,0.22885812952747386,0.018289836446637706
0.9,1.0,49,0.03645722651015881,0.024109342892474885
0.9,3.0,49,0.32811508347989005,0.024109346190803717
0.9,1.0,50,0.004735379707321741,0.005537815169936656
0.9,3.0,50,0.042618431240612153,0.005537816972810161
0.9,1.0,51,0.006706617885898325,0.005876255912952279
0.9,3.0,51,0.06035956121092667,0.005876255936107169
0.9,1.0,52,0.00219616433791181,0.0022188487371410325
0.9,3.0,52,0.01976549868146904,0.002218850941933141
0.9,1.0,53,0.0744189042869241,0.06953708802906756
0.9,3.0,53,0.6697700073623949,0.06953707440551113
0.9,1.0,54,0.023902583536568933,0.02183046373733603
0.9,3.0,54,0.21512322606670153,0.02183046112299497
0.9,1.0,55,0.02932568457891893,0.022210504134886733
0.9,3.0,55,0.26393114625610536,0.02221050287645426
0.9,1.0,56,0.0367175506634938,0.034939354011712644
0.9,3.0,56,0.3304579544509494,0.034939353850950566
0.9,1.0,57,0.03553413773749381,0.02882008538830568
0.9,3.0,57,0.31980728583156903,0.028820089551183977
0.9,1.0,58,0.02238699627803853,0.028148819866287467
0.9,3.0,58,0.20148292469500717,0.02814881402545987
0.9,1.0,59,0.01580270175581422,0.017452597124270934
0.9,3.0,59,0.14222428260192643,0.017452593050190993
0.9,1.0,60,0.01146965604197736,0.009410079860786192
0.9,3.0,60,0.10322691884921653,0.009410081179988986
0.9,1.0,61,0.0317757276791204,0.03209518836450999
0.9,3.0,61,0.2859814932673608,0.03209518209715846
0.9,1.0,62,0.0120388791226409,0.010380654576243334
0.9,3.0,62,0.1083498644709806,0.010380650012700053
0.9,1.0,63,0.07499851606764985,0.07609414681668437
0.9,3.0,63,0.6749867252704256,0.07609415591001077
0.9,1.0,64,0.015268605735134777,0.016506046691544086
0.9,3.0,64,0.13741744713886206,0.0165060461537422
0.9,1.0,65,0.025760192619185496,0.029062969095376142
0.9,3.0,65,0.23184171319568492,0.02906296654097982
0.9,1.0,66,0.012654040960458524,0.011943786503035672
0.9,3.0,66,0.11388635410562387,0.011943784978316106
0.9,1.0,67,0.016820600307277722,0.01967228703231643
0.9,3.0,67,0.15138538315015992,0.019672284483334933
0.9,1.0,68,0.008328654977171057,0.011413360617697467
0.9,3.0,68,0.07495791832867482,0.011413364201090168
0.9,1.0,69,0.0071076308345423556,0.006738121610103096
0.9,3.0,69,0.06396869631425517,0.006738123590750897
0.9,1.0,70,0.007518348993152735,0.005127497277416774
0.9,3.0,70,0.06766514339938112,0.0051274974639057705
0.9,1.0,71,0.00702019913814933,0.004388449784292311
0.9,3.0,71,0.0631817576718845,0.004388447383044917
0.9,1.0,72,0.02263462155366014,0.020529938964662875
0.9,3.0,72,0.2037116369268155,0.02052994329252218
0.9,1.0,73,0.026940317188973717,0.027302635197900698
0.9,3.0,73,0.24246283317526718,0.027302632774012826
0.9,1.0,74,0.01058719998438118,0.011199019888314014
0.9,3.0,74,0.09528481607893369,0.01119902179462581
0.9,1.0,75,0.009260772648770565,0.010560545328922963
0.9,3.0,75,0.08334698857257195,0.010560549729877402
0.9,1.0,76,0.0019685423832918048,0.0017801258670004953
0.9,3.0,76,0.017716889488742282,0.001780126674740754
0.9,1.0,77,0.0222380428452551,0.01879052588737233
0.9,3.0,77,0.2001423715164421,0.018790524564441403
0.9,1.0,78,0.013257632064148872,0.011017844043645914
0.9,3.0,78,0.11931868558211889,0.011017843767068311
0.9,1.0,79,0.003304358239179628,0.0033434356970748406
0.9,3.0,79,0.029739232841649255,0.0033434366739403297
0.9,1.0,80,0.01616907918678745,0.015538780094495155
0.9,3.0,80,0.145521655727336,0.015538774012984721
0.9,1.0,81,0.013333561491316814,0.014203592290316496
0.9,3.0,81,0.12000199011772494,0.014203584797561364
0.9,1.0,82,0.0054854804375585875,0.006517924703664326
0.9,3.0,82,0.04936935545828902,0.006517928865088389
0.9,1.0,83,0.015259353935821451,0.01382044653029277
0.9,3.0,83,0.1373342136131228,0.013820449367230071
0.9,1.0,84,0.010881729920613425,0.015095723088752665
0.9,3.0,84,0.0979356034058263,0.015095728348033709
0.9,1.0,85,0.029099714475228744,0.032609714434527405
0.9,3.0,85,0.2618974043316413,0.03260971120397776
0.9,1.0,86,0.0112686718766426,0.013770622594574383
0.9,3.0,86,0.10141807884771836,0.013770626933848062
0.9,1.0,87,0.017297630074389225,0.026055743834584463
0.9,3.0,87,0.15567868325751633,0.02605574594142445
0.9,1.0,88,0.010194661373147174,0.015485584308997557
0.9,3.0,88,0.09175193821389982,0.015485581921749373
0.9,1.0,89,0.0037604701094462456,0.003145229565158352
0.9,3.0,89,0.03384417277755247,0.0031452241557922483
0.9,1.0,90,0.012656450382436013,0.0152521152352683
0.9,3.0,90,0.1139080296252466,0.015252112046251383
0.9,1.0,91,0.003502589906068998,0.003880825145294573
0.9,3.0,91,0.03152331183164492,0.0038808254748621874
0.9,1.0,92,0.01168394310051113,0.013754575351393057
0.9,3.0,92,0.10515546697598666,0.013754572613883133
0.9,1.0,93,0.007184699990056664,0.009027089619807306
0.9,3.0,93,0.06466229945755941,0.00902708955657378
0.9,1.0,94,0.0295948922835374,0.03157665438029789
0.9,3.0,94,0.2663539721232482,0.03157664745350449
0.9,1.0,95,0.01463184385105265,0.009810409832129278
0.9,3.0,95,0.13168655476286517,0.009810406859905087
0.9,1.0,96,0.018229954463798492,0.01993178834757854
0.9,3.0,96,0.16406958342655287,0.01993178752785074
0.9,1.0,97,0.017003528600239015,0.016937911933348794
0.9,3.0,97,0.15303177501726495,0.01693791388303069
0.9,1.0,98,0.03143793137999307,0.030814921216761507
0.9,3.0,98,0.2829413608543554,0.030814918868071084
0.9,1.0,99,0.019323891858925357,0.026181270787828975
0.9,3.0,99,0.17391499388589082,0.026181265843407988
0.99,1.0,0,0.001560592816852946,0.0016837518173558133
0.99,3.0,0,0.014045332046567438,0.0016837514211400398
0.99,1.0,1,0.0004645405198382413,0.0007202908747520621
0.99,3.0,1,0.004180862873958802,0.0007202905638531273
0.99,1.0,2,0.0010609728522459339,0.0008937131530449839
0.99,3.0,2,0.00954875175083636,0.0008937127862119704
0.99,1.0,3,0.00010325677225275776,0.00010280140745954785
0.99,3.0,3,0.0009293100417631095,0.00010280130695897536
0.99,1.0,4,7.738955276614945e-08,6.189816538375129e-08
0.99,3.0,4,6.964811030130136e-07,6.189595503101718e-08
0.99,1.0,5,0.0013115161514267726,0.001419412538634147
0.99,3.0,5,0.011803642113467738,0.0014194121478903604
0.99,1.0,6,0.003615333209579852,0.0029550147821289837
0.99,3.0,6,0.032538018336288665,0.0029550165485327674
0.99,1.0,7,0.0006875691962981989,0.0006647886917045358
0.99,3.0,7,0.006188117049004127,0.0006647880774554451
0.99,1.0,8,2.865991383971256e-05,2.4488841580711437e-05
0.99,3.0,8,0.00025793970319742954,2.4488887022964584e-05
0.99,1.0,9,8.412850695216356e-05,8.610152768112286e-05
0.99,3.0,9,0.000757157691421817,8.610165605075769e-05
0.99,1.0,10,0.0005500928672020344,0.0007517608049902267
0.99,3.0,10,0.004950834467200238,0.0007517606018793018
0.99,1.0,11,5.9919930395224696e-05,7.091493041836943e-05
0.99,3.0,11,0.0005392793735570223,7.091493041836946e-05
0.99,1.0,12,0.0,0.0
0.99,3.0,12,0.0,0.0
0.99,1.0,13,2.6614456812845688e-05,2.467402131641362e-05
0.99,3.0,13,0.00023952948029748455,2.4673956315171728e-05
0.99,1.0,14,0.0002819888916625324,0.00029632433787734724
0.99,3.0,14,0.0025379031323584655,0.00029632470069580204
0.99,1.0,15,0.00014824598466334216,0.000129164950010312
0.99,3.0,15,0.0013342113847683024,0.00012916471019295376
0.99,1.0,16,0.0001675102700429143,0.00016020254085994572
0.99,3.0,16,0.0015075919380080904,0.00016020248853796051
0.99,1.0,17,0.00045978854179296036,0.00032428334809149066
0.99,3.0,17,0.004138093939254794,0.0003242831179417606
0.99,1.0,18,0.00011123700408965931,9.821167950383208e-05
0.99,3.0,18,0.0010011314201863186,9.821152091249617e-05
0.99,1.0,19,0.0006794581637881714,0.0004987837481284552
0.99,3.0,19,0.006115116349580951,0.0004987831670132727
0.99,1.0,20,0.00047265114118455465,0.0004258020183077341
0.99,3.0,20,0.004253863708230554,0.0004258023624008554
0.99,1.0,21,0.0007499150598750948,0.000792578178280678
0.99,3.0,21,0.00674923521595705,0.0007925781403595836
0.99,1.0,22,0.00017799224746650744,0.00016760521371614434
0.99,3.0,22,0.0016019292913300731,0.00016760511579899648
0.99,1.0,23,0.001586668339253805,0.0016005448453282874
0.99,3.0,23,0.01428002172267373,0.0016005455928524968
0.99,1.0,24,0.0003541378825631103,0.00036768993080918595
0.99,3.0,24,0.0031872373482784155,0.00036768951610318957
0.99,1.0,25,0.0005386902110311453,0.0006450209837465935
0.99,3.0,25,0.004848215975545855,0.0006450215260654663
0.99,1.0,26,0.0006058557086157101,0.0005636233210185755
0.99,3.0,26,0.00545270267916198,0.0005636234555617438
0.99,1.0,27,0.0007538455564324309,0.0008779276592303865
0.99,3.0,27,0.006784620309563394,0.0008779289922653511
0.99,1.0,28,0.0004319334666720298,0.00043782498532161116
0.99,3.0,28,0.003887395476831479,0.00043782434073486086
0.99,1.0,29,0.0007434904008756238,0.0008381708062125099
0.99,3.0,29,0.006691411876770026,0.0008381705893724757
0.99,1.0,30,0.0003412939136426818,0.00033655679250787373
0.99,3.0,30,0.0030716522182787642,0.00033655755899653474
0.99,1.0,31,0.0004234363444116096,0.0006388523915080672
0.99,3.0,31,0.0038109263591454834,0.0006388522673629765
0.99,1.0,32,0.0007221581473895178,0.0007424184093752822
0.99,3.0,32,0.006499418010357694,0.000742417802120466
0.99,1.0,33,0.00019073303669731034,0.0002607508606041532
0.99,3.0,33,0.0017165983535694096,0.0002607510160422902
0.99,1.0,34,0.000667259936075526,0.0005875044561237612
0.99,3.0,34,0.006005340083260258,0.0005875045205529242
0.99,1.0,35,0.0009094383419736563,0.0008439121905723601
0.99,3.0,35,0.00818494976876849,0.0008439126742404557
0.99,1.0,36,0.001290024639329701,0.002086982616567836
0.99,3.0,36,0.011610223433781819,0.0020869829185210425
0.99,1.0,37,0.00025015452824406204,0.00030579331752857353
0.99,3.0,37,0.0022513908428551943,0.00030579332957056073
0.99,1.0,38,0.0014854811552349467,0.0015806353157042723
0.99,3.0,38,0.013369330932051504,0.001580635378949047
0.99,1.0,39,0.0014772194696723862,0.00149769625465695
0.99,3.0,39,0.013294983691445772,0.0014976972081819791
0.99,1.0,40,0.0003426792368615428,0.0003891942472767396
0.99,3.0,40,0.003084107939035796,0.0003891935919907882
0.99,1.0,41,0.003966583972672577,0.005171255464221766
0.99,3.0,41,0.03569924782969558,0.005171254316330117
0.99,1.0,42,6.58997893809854e-06,7.422436839017092e-06
0.99,3.0,42,5.9309674442786786e-05,7.4224198190309305e-06
0.99,1.0,43,0.001060431448423771,0.0016588122501820094
0.99,3.0,43,0.009543876371604476,0.0016588110918827877
0.99,1.0,44,0.0012252980510909506,0.0009199413692721793
0.99,3.0,44,0.011027679033471571,0.0009199410834425548
0.99,1.0,45,0.002060501392326719,0.0019818412331418477
0.99,3.0,45,0.018544514334924322,0.0019818414259325495
0.99,1.0,46,0.002109901431005201,0.0024642077230068245
0.99,3.0,46,0.018989107503036173,0.002464207025364601
0.99,1.0,47,0.000459589004955685,0.0005109029904664085
0.99,3.0,47,0.004136298414323392,0.0005109026655827103
0.99,1.0,48,0.0005915312047535815,0.0006294752117364912
0.99,3.0,48,0.005323781930034244,0.0006294753402914053
0.99,1.0,49,0.00019678025138736288,0.0002297203200778921
0.99,3.0,49,0.001771021517141591,0.00022972022339880398
0.99,1.0,50,0.0,0.0
0.99,3.0,50,0.0,0.0
0.99,1.0,51,0.0011908885881173892,0.0008683143501107748
0.99,3.0,51,0.010717994147715793,0.0008683140952922304
0.99,1.0,52,0.0003846265599379284,0.0003697088395004257
0.99,3.0,52,0.0034616416874282407,0.0003697091223098543
0.99,1.0,53,0.0013865762204372523,0.0011494148664102626
0.99,3.0,53,0.012479189570626659,0.0011494151967680606
0.99,1.0,54,0.0016009675800432444,0.002288802157128337
0.99,3.0,54,0.014408703951862556,0.002288801479079144
0.99,1.0,55,0.000406728321553973,0.00034338343102716215
0.99,3.0,55,0.003660556236655843,0.0003433835569781926
0.99,1.0,56,0.00018161002449557095,0.00012628281286559268
0.99,3.0,56,0.0016344880778644821,0.0001262826473259015
0.99,1.0,57,0.002515564384750757,0.0025305587732556037
0.99,3.0,57,0.02264008387457217,0.002530559266379229
0.99,1.0,58,0.0003554440015967053,0.00039751115765877706
0.99,3.0,58,0.0031989989739962255,0.00039751152542550873
0.99,1.0,59,0.0,0.0
0.99,3.0,59,0.0,0.0
0.99,1.0,60,0.00011320326814989734,7.342295907027075e-05
0.99,3.0,60,0.001018828479769418,7.342289179092044e-05
0.99,1.0,61,0.0011396707168631615,0.0009538478884309257
0.99,3.0,61,0.010257030151997526,0.0009538473025869323
0.99,1.0,62,0.00047923467135690956,0.0005751724131606361
0.99,3.0,62,0.004313109461471676,0.0005751720690075669
0.99,1.0,63,0.0001691181764071903,0.00014422325792446373
0.99,3.0,63,0.0015220624646872238,0.0001442231515166413
0.99,1.0,64,0.0006600791549349339,0.0005624321609626581
0.99,3.0,64,0.005940707962936109,0.0005624317414160198
0.99,1.0,65,0.001388374590023611,0.0012762696891334567
0.99,3.0,65,0.012495369959690805,0.0012762695511919853
0.99,1.0,66,0.0010294071296202412,0.001151854285950432
0.99,3.0,66,0.009264677782158337,0.0011518559787435526
0.99,1.0,67,0.0022649366088733913,0.002341187047863916
0.99,3.0,67,0.020384417239945662,0.0023411856420884856
0.99,1.0,68,0.0008402862701061276,0.0007135564375210118
0.99,3.0,68,0.007562576633617368,0.0007135564566429251
0.99,1.0,69,0.00035700047104164634,0.00030888547269901866
0.99,3.0,69,0.0032130041785940477,0.00030888546685579676
0.99,1.0,70,0.00036479387225307747,0.0005343510902814503
0.99,3.0,70,0.0032831470370275895,0.0005343514461878272
0.99,1.0,71,0.00026930841663475036,0.0002868533442047467
0.99,3.0,71,0.0024237728152662896,0.00028685299691363214
0.99,1.0,72,0.0,0.0
0.99,3.0,72,0.0,0.0
0.99,1.0,73,0.0015706911302617588,0.0014276588422344795
0.99,3.0,73,0.014136227342490315,0.0014276595663676472
0.99,1.0,74,0.0011793135545163924,0.0017041884126000753
0.99,3.0,74,0.01061382198028582,0.001704188410936366
0.99,1.0,75,0.0005328186079092134,0.0007127722003363188
0.99,3.0,75,0.0047953535551563675,0.0007127701318906936
0.99,1.0,76,0.0,0.0
0.99,3.0,76,0.0,0.0
0.99,1.0,77,0.0013549220582869115,0.0011834338767228972
0.99,3.0,77,0.012194305432712937,0.001183434547144071
0.99,1.0,78,0.0003358499017525052,0.00026238770694017415
0.99,3.0,78,0.0030226506429675837,0.00026238783951169946
0.99,1.0,79,0.0,0.0
0.99,3.0,79,0.0,0.0
0.99,1.0,80,0.00022962778283752705,0.0002484666598382582
0.99,3.0,80,0.0020666493001488817,0.00024846657022256294
0.99,1.0,81,0.00028943557151395183,0.0002610433145257634
0.99,3.0,81,0.002604920075360617,0.000261043307684821
0.99,1.0,82,0.0012220184251396926,0.0011165587320456406
0.99,3.0,82,0.010998164070734617,0.0011165585538210042
0.99,1.0,83,8.028471776277968e-08,7.194688247111698e-08
0.99,3.0,83,7.225877931560376e-07,7.194940495382664e-08
0.99,1.0,84,0.00030456960541580536,0.0003619394956058426
0.99,3.0,84,0.0027411263515926265,0.0003619394827781655
0.99,1.0,85,9.196981318737585e-05,9.276226460329162e-05
0.99,3.0,85,0.0008277300335288729,9.276245678310382e-05
0.99,1.0,86,6.122049006213048e-05,4.912137054515324e-05
0.99,3.0,86,0.0005509847929552336,4.912140463653255e-05
0.99,1.0,87,0.0003000667574438176,0.0003795164275876534
0.99,3.0,87,0.002700601219149945,0.0003795164841027261
0.99,1.0,88,0.0007464210485106371,0.0007524518775601996
0.99,3.0,88,0.006717788004842795,0.0007524517171911977
0.99,1.0,89,0.0014553399745782514,0.0023834867079584065
0.99,3.0,89,0.01309807031448873,0.00238348862654626
0.99,1.0,90,0.0006339663185571109,0.0008463466721562621
0.99,3.0,90,0.005705696623976131,0.0008463466361055753
0.99,1.0,91,0.0063295133480645305,0.005517328589443753
0.99,3.0,91,0.05696564384894742,0.005517330886460575
0.99,1.0,92,0.0004107262885704732,0.00040406813554760455
0.99,3.0,92,0.0036965352380873284,0.0004040679869902875
0.99,1.0,93,0.00015259273703699394,0.000183641241758553
0.99,3.0,93,0.0013733352922038478,0.00018364132986225894
0.99,1.0,94,0.001627412337887657,0.001771744184398641
0.99,3.0,94,0.014646718501610145,0.0017717450868751242
0.99,1.0,95,0.0005458149952517477,0.0005909411776788012
0.99,3.0,95,0.004912335000978096,0.0005909411829372859
0.99,1.0,96,0.0002117266119388006,0.00016882119875816798
0.99,3.0,96,0.001905541431718838,0.0001688213692387615
0.99,1.0,97,0.0016293607530093457,0.002236541007023933
0.99,3.0,97,0.014664242729069521,0.0022365403896345256
0.99,1.0,98,6.626200370840607e-05,7.676685640877349e-05
0.99,3.0,98,0.0005963577995391489,7.676682630790714e-05
0.99,1.0,99,0.00030926600059499876,0.0002527329273977542
0.99,3.0,99,0.0027833945060429244,0.00025273297286035405
