period,model,lo,hi,n,mean_prediction,observed_rate,ci_low,ci_high,valid_resamples
all,base_rate,0.1,0.2,272,0.15713784363128808,0.11764705882352941,0.03299632352941177,0.2500919117647058,1000
all,delay,0.0,0.05,6,0.03806900300940882,0.3333333333333333,0.0,0.6666666666666666,956
all,delay,0.05,0.1,37,0.08257687054792437,0.1891891891891892,0.0,0.5526455767077268,1000
all,delay,0.1,0.2,183,0.13767524851611287,0.08196721311475409,0.01620143581081081,0.19663151593295267,1000
all,delay,0.2,0.4,27,0.26866240871202024,0.18518518518518517,0.0,0.5,1000
all,delay,0.4,0.6,13,0.49811389962164565,0.23076923076923078,0.0,0.5,999
all,delay,0.6,1.0,6,0.6837188067597181,0.0,0.0,0.0,994
all,diagram_kernel,0.0,0.05,103,0.025417242323705208,0.10679611650485436,0.0,0.29169823232323233,1000
all,diagram_kernel,0.05,0.1,46,0.07044878479188918,0.08695652173913043,0.0,0.26666666666666666,1000
all,diagram_kernel,0.1,0.2,66,0.15547960460465685,0.13636363636363635,0.0,0.4490758567577974,1000
all,diagram_kernel,0.2,0.4,56,0.26712242044760276,0.14285714285714285,0.0,0.315086517664023,1000
all,diagram_kernel,0.4,0.6,1,0.4302692774970751,0.0,0.0,0.0,680
all,inner_selector,0.0,0.05,112,0.02112174537688554,0.11607142857142858,0.0,0.2958270902007791,1000
all,inner_selector,0.05,0.1,34,0.07649237906593387,0.058823529411764705,0.0,0.21739130434782608,1000
all,inner_selector,0.1,0.2,85,0.14799590273828273,0.09411764705882353,0.0,0.2758885941644562,1000
all,inner_selector,0.2,0.4,14,0.2796815948210269,0.14285714285714285,0.0,0.5,1000
all,inner_selector,0.4,0.6,14,0.513842744166425,0.14285714285714285,0.0,0.45454545454545453,997
all,inner_selector,0.6,1.0,13,0.7457519513764072,0.38461538461538464,0.0,0.7899999999999995,999
all,landscape,0.0,0.05,37,0.03662537147192737,0.2702702702702703,0.0,0.5241071428571427,1000
all,landscape,0.05,0.1,83,0.07735964474386262,0.08433734939759036,0.0,0.25925925925925924,1000
all,landscape,0.1,0.2,118,0.1458165916869819,0.0847457627118644,0.009701868474079502,0.22472612359550562,1000
all,landscape,0.2,0.4,29,0.26031885410673916,0.10344827586206896,0.0,0.35294117647058826,1000
all,landscape,0.4,0.6,3,0.5451586605441502,0.3333333333333333,0.0,1.0,953
all,landscape,0.6,1.0,2,0.8204429029926039,0.5,0.0,1.0,934
all,market,0.0,0.05,19,0.03361019169163436,0.47368421052631576,0.0,0.8673758865248227,996
all,market,0.05,0.1,84,0.08226439355653006,0.05952380952380952,0.0,0.14927238805970147,1000
all,market,0.1,0.2,123,0.129864699312047,0.056910569105691054,0.0,0.17585895117540684,1000
all,market,0.2,0.4,27,0.27377257033202346,0.25925925925925924,0.0,0.6970049330514447,999
all,market,0.4,0.6,7,0.4691262084960298,0.14285714285714285,0.0,0.5,996
all,market,0.6,1.0,12,0.7952585432423414,0.25,0.0,0.6,966
all,market_delay,0.0,0.05,33,0.030717440427052982,0.30303030303030304,0.0,0.8,996
all,market_delay,0.05,0.1,80,0.08056779523507024,0.0625,0.0,0.14285714285714285,1000
all,market_delay,0.1,0.2,110,0.13003957838409974,0.06363636363636363,0.0,0.1961215255332902,1000
all,market_delay,0.2,0.4,28,0.2795016227163344,0.21428571428571427,0.0,0.631578947368421,1000
all,market_delay,0.4,0.6,6,0.4803867319803273,0.16666666666666666,0.0,0.5,993
all,market_delay,0.6,1.0,15,0.8326328833090709,0.2,0.0,0.5,997
all,market_kernel,0.0,0.05,119,0.016712089265128773,0.08403361344537816,0.008126829268292684,0.22857142857142856,1000
all,market_kernel,0.05,0.1,43,0.07757066255691289,0.11627906976744186,0.0,0.3148712737127371,1000
all,market_kernel,0.1,0.2,52,0.1348961985542939,0.11538461538461539,0.0322452636968766,0.2407567049808429,1000
all,market_kernel,0.2,0.4,30,0.27625930861433934,0.13333333333333333,0.0,0.3462499999999999,1000
all,market_kernel,0.4,0.6,15,0.49164313016038863,0.13333333333333333,0.0,0.5,1000
all,market_kernel,0.6,1.0,13,0.7566386715001244,0.38461538461538464,0.0,1.0,983
all,market_landscape,0.0,0.05,36,0.030060686761822854,0.2777777777777778,0.0,0.75,992
all,market_landscape,0.05,0.1,101,0.07860137147410516,0.04950495049504951,0.007687969924812031,0.12753851540616237,1000
all,market_landscape,0.1,0.2,88,0.13152947094814912,0.10227272727272728,0.0,0.2916920731707317,1000
all,market_landscape,0.2,0.4,33,0.2723630148532843,0.12121212121212122,0.0,0.41866585067319456,1000
all,market_landscape,0.4,0.6,3,0.5108295572871581,0.3333333333333333,0.0,1.0,961
all,market_landscape,0.6,1.0,11,0.7676810203713564,0.2727272727272727,0.0,0.6363636363636364,961
all,raw_tda,0.0,0.05,45,0.0383582015203286,0.13333333333333333,0.0,0.3704793028322439,999
all,raw_tda,0.05,0.1,106,0.07322112833420392,0.11320754716981132,0.0,0.32031439623786406,1000
all,raw_tda,0.1,0.2,95,0.14421392045080034,0.09473684210526316,0.016938646869309428,0.25012254901960773,1000
all,raw_tda,0.2,0.4,14,0.254824194826576,0.21428571428571427,0.0,0.5,998
all,raw_tda,0.4,0.6,8,0.49045859771203504,0.125,0.0,1.0,960
all,raw_tda,0.6,1.0,4,0.7783350440563289,0.25,0.0,1.0,954
post2017,base_rate,0.1,0.2,104,0.14340365083358672,0.15384615384615385,0.04807692307692308,0.36562499999999976,1000
post2017,delay,0.0,0.05,6,0.03806900300940882,0.3333333333333333,0.0,0.6,976
post2017,delay,0.05,0.1,26,0.08044110143117043,0.2692307692307692,0.0,0.7777777777777778,991
post2017,delay,0.1,0.2,58,0.13153639050114985,0.10344827586206896,0.024390243902439025,0.2766252955082742,1000
post2017,delay,0.2,0.4,11,0.24924175598027984,0.09090909090909091,0.0,0.2,999
post2017,delay,0.4,0.6,2,0.4614362738564929,0.0,0.0,0.0,966
post2017,delay,0.6,1.0,1,0.6085881983732452,0.0,0.0,0.0,796
post2017,diagram_kernel,0.0,0.05,20,0.032959933421278335,0.35,0.0,1.0,968
post2017,diagram_kernel,0.05,0.1,13,0.0674630523208031,0.3076923076923077,0.0,1.0,940
post2017,diagram_kernel,0.1,0.2,39,0.16376384186884957,0.05128205128205128,0.0,0.23529411764705882,1000
post2017,diagram_kernel,0.2,0.4,32,0.2363244995924121,0.09375,0.0,0.17391304347826086,1000
post2017,inner_selector,0.0,0.05,28,0.03307959793932144,0.32142857142857145,0.0,0.875,971
post2017,inner_selector,0.05,0.1,7,0.063471006508441,0.2857142857142857,0.0,1.0,966
post2017,inner_selector,0.1,0.2,59,0.14867346657823388,0.0847457627118644,0.0,0.24638177486599167,1000
post2017,inner_selector,0.2,0.4,2,0.3728166360847558,0.0,0.0,0.0,968
post2017,inner_selector,0.4,0.6,5,0.5144698490846609,0.0,0.0,0.0,860
post2017,inner_selector,0.6,1.0,3,0.7686526080996141,0.0,0.0,0.0,883
post2017,landscape,0.0,0.05,16,0.03540169664825225,0.375,0.0,0.8571428571428571,970
post2017,landscape,0.05,0.1,22,0.0752570717206417,0.18181818181818182,0.0,1.0,965
post2017,landscape,0.1,0.2,45,0.15291141070189454,0.13333333333333333,0.017857142857142856,0.42857142857142855,1000
post2017,landscape,0.2,0.4,18,0.27775411584453813,0.0,0.0,0.0,999
post2017,landscape,0.4,0.6,2,0.5481502383287684,0.0,0.0,0.0,869
post2017,landscape,0.6,1.0,1,0.8338558419103427,0.0,0.0,0.0,796
post2017,market,0.0,0.05,13,0.030985702475408636,0.6923076923076923,0.0,1.0,963
post2017,market,0.05,0.1,40,0.07807759351245244,0.125,0.030259740259740264,0.3333333333333333,1000
post2017,market,0.1,0.2,36,0.12596265410283936,0.05555555555555555,0.0,0.2222222222222222,1000
post2017,market,0.2,0.4,12,0.2687159771615515,0.0,0.0,0.0,999
post2017,market,0.4,0.6,1,0.5760667957273315,0.0,0.0,0.0,786
post2017,market,0.6,1.0,2,0.8564476518636646,0.0,0.0,0.0,811
post2017,market_delay,0.0,0.05,25,0.027727994830272613,0.4,0.0,0.8850824175824175,984
post2017,market_delay,0.05,0.1,30,0.0795831596826418,0.13333333333333333,0.0,0.30434782608695654,1000
post2017,market_delay,0.1,0.2,34,0.12974685721770823,0.058823529411764705,0.0,0.21624559341950644,1000
post2017,market_delay,0.2,0.4,11,0.27545283576710533,0.0,0.0,0.0,998
post2017,market_delay,0.4,0.6,1,0.4577268809578489,0.0,0.0,0.0,807
post2017,market_delay,0.6,1.0,3,0.8303638194508357,0.0,0.0,0.0,822
post2017,market_kernel,0.0,0.05,35,0.020400271542694276,0.2571428571428571,0.08108108108108109,0.6898050974512743,1000
post2017,market_kernel,0.05,0.1,20,0.0743242159820837,0.2,0.0,0.6111111111111112,1000
post2017,market_kernel,0.1,0.2,29,0.13180992831561006,0.06896551724137931,0.0,0.19047619047619047,1000
post2017,market_kernel,0.2,0.4,12,0.27737220551832575,0.08333333333333333,0.0,0.21428571428571427,1000
post2017,market_kernel,0.4,0.6,8,0.47701201729487214,0.0,0.0,0.0,997
post2017,market_landscape,0.0,0.05,31,0.02974515682309015,0.3225806451612903,0.0,0.8181818181818182,984
post2017,market_landscape,0.05,0.1,18,0.0812327025855745,0.16666666666666666,0.049940476190476195,0.46153846153846156,1000
post2017,market_landscape,0.1,0.2,35,0.13210890488129093,0.08571428571428572,0.0,0.25,1000
post2017,market_landscape,0.2,0.4,18,0.2694187176066316,0.0,0.0,0.0,1000
post2017,market_landscape,0.4,0.6,1,0.5489028679093076,0.0,0.0,0.0,786
post2017,market_landscape,0.6,1.0,1,0.8783503752166018,0.0,0.0,0.0,796
post2017,raw_tda,0.0,0.05,16,0.03810481888460153,0.125,0.0,0.75,961
post2017,raw_tda,0.05,0.1,19,0.06790942227462807,0.42105263157894735,0.0,1.0,966
post2017,raw_tda,0.1,0.2,49,0.14997673241182385,0.10204081632653061,0.014695378151260504,0.36846978557504867,1000
post2017,raw_tda,0.2,0.4,10,0.263409380571279,0.1,0.0,0.2,999
post2017,raw_tda,0.4,0.6,7,0.48737942535562045,0.0,0.0,0.0,901
post2017,raw_tda,0.6,1.0,3,0.7686526080996141,0.0,0.0,0.0,883
