period,model,n,events,mean_prediction,observed_rate,prediction_sd,brier,calibration_mean_error
all,base_rate,272,32,0.15713784363128808,0.11764705882352941,0.01768216079319589,0.1096854457756091,0.039490784807758667
all,delay,272,32,0.17025737969721527,0.11764705882352941,0.12270539895235195,0.11984698744795347,0.05261032087368586
all,diagram_kernel,272,32,0.11584337789058353,0.11764705882352941,0.0995685435639662,0.11096505767230937,-0.0018036809329458753
all,inner_selector,272,32,0.14099317726810506,0.11764705882352941,0.1818141108308679,0.11856670156714391,0.023346118444575653
all,landscape,272,32,0.13164689571315763,0.11764705882352941,0.10036657986054472,0.1121010717789975,0.01399983688962822
all,market,272,32,0.16081252240300106,0.11764705882352941,0.16091904239565208,0.12302847226458515,0.04316546357947165
all,market_delay,272,32,0.1652989406350174,0.11764705882352941,0.18538593541896092,0.13094449528849395,0.047651881811487995
all,market_kernel,272,32,0.1391088543296268,0.11764705882352941,0.18878396213777623,0.11906663794105544,0.021461795506097392
all,market_landscape,272,32,0.1454429267347505,0.11764705882352941,0.15368426487429504,0.11858481292306067,0.0277958679112211
all,raw_tda,272,32,0.12423687058882388,0.11764705882352941,0.11913640805904052,0.11372058968177635,0.006589811765294468
post2017,base_rate,104,16,0.14340365083358672,0.15384615384615385,0.008627916452449952,0.132257607200585,-0.010442503012567134
post2017,delay,104,16,0.13675109005964312,0.15384615384615385,0.08650501792446937,0.15120821573526927,-0.01709506378651074
post2017,diagram_kernel,104,16,0.1488980016195993,0.15384615384615385,0.08062643448152654,0.15471197120751468,-0.004948152226554564
post2017,inner_selector,104,16,0.15159808324872634,0.15384615384615385,0.1522413020329983,0.1786292956141437,-0.002248070597427515
post2017,landscape,104,16,0.154161794322894,0.15384615384615385,0.12072120653239812,0.1634354824902655,0.0003156404767401533
post2017,market,104,16,0.13052045428628756,0.15384615384615385,0.13171728098088786,0.1699585218771665,-0.023325699559866298
post2017,market_delay,104,16,0.12952776287871792,0.15384615384615385,0.14765081379925388,0.17595626657458868,-0.024318390967435932
post2017,market_kernel,104,16,0.1266110033593034,0.15384615384615385,0.13289804975613265,0.1700352046320524,-0.027235150486850462
post2017,market_landscape,104,16,0.1277393301821788,0.15384615384615385,0.12166388225735496,0.16697184534334403,-0.026106823663975043
post2017,raw_tda,104,16,0.169235804048576,0.15384615384615385,0.1550752125687128,0.1760369771180666,0.01538965020242214
