period,model,n,delta_brier,ci_low,ci_high
all,raw_tda,272,0.004035143906167255,-0.02342612231947598,0.041539907096869146
all,landscape,272,0.0024156260033884,-0.018557176887366342,0.02896065669084254
all,delay,272,0.010161541672344393,-0.015984146642099323,0.023963490397246743
all,diagram_kernel,272,0.0012796118967002695,-0.01308701868814701,0.02005092872867846
all,market,272,0.013343026488976046,-0.02049143606362352,0.03870172917269947
all,market_landscape,272,0.008899367147451554,-0.01986968574796232,0.03217440967915456
all,market_delay,272,0.021259049512884855,-0.01784364207604158,0.048202453393694784
all,market_kernel,272,0.009381192165446334,-0.04290250608527107,0.04268739930734703
all,inner_selector,272,0.00888125579153482,-0.033854503023468936,0.055786686946545365
post2017,raw_tda,104,0.04377936991748163,0.00090341729390811,0.13058471484842857
post2017,landscape,104,0.031177875289680548,0.005222258614184928,0.08949393982999691
post2017,delay,104,0.018950608534684308,0.0011831590894863726,0.05838604537752361
post2017,diagram_kernel,104,0.022454364006929715,0.0067839155934052596,0.05957093565816352
post2017,market,104,0.037700914676581536,0.006531675194314352,0.1067090461448016
post2017,market_landscape,104,0.03471423814275906,0.009254389759271847,0.09589587190352791
post2017,market_delay,104,0.04369865937400371,0.007005691566282354,0.12415291959361863
post2017,market_kernel,104,0.03777759743146746,0.01655699542778123,0.08576746545905753
post2017,inner_selector,104,0.0463716884135587,0.0010561963585348215,0.13634944562389203
