excluded,model,n,positive,brier,delta_vs_base,auc
GFC_2007_2009,base_rate,236,16,0.07469376471628521,0.0,0.12499999999999999
GFC_2007_2009,delay,236,16,0.09277172217299794,0.01807795745671273,0.18607954545454547
GFC_2007_2009,diagram_kernel,236,16,0.07592417691662626,0.0012304122003410495,0.4659090909090909
GFC_2007_2009,inner_selector,236,16,0.09706633174995166,0.022372567033666454,0.3987215909090909
GFC_2007_2009,landscape,236,16,0.08026410606222181,0.005570341345936605,0.35255681818181817
GFC_2007_2009,market,236,16,0.09493234271335868,0.020238577997073473,0.159375
GFC_2007_2009,market_delay,236,16,0.10289281679463758,0.02819905207835237,0.16874999999999998
GFC_2007_2009,market_kernel,236,16,0.10490433008279439,0.03021056536650918,0.4333806818181818
GFC_2007_2009,market_landscape,236,16,0.08907686772311378,0.014383103006828574,0.2278409090909091
GFC_2007_2009,raw_tda,236,16,0.08227857219438006,0.007584807478094854,0.4579545454545455
COVID_2019_2020,base_rate,248,21,0.0859958995318642,0.0,0.14128382630585273
COVID_2019_2020,delay,248,21,0.08945387703006767,0.0034579774982034656,0.7092511013215859
COVID_2019_2020,diagram_kernel,248,21,0.07972973513790148,-0.006266164393962728,0.656807216278582
COVID_2019_2020,inner_selector,248,21,0.07527802234356226,-0.010717877188301944,0.6873295573736101
COVID_2019_2020,landscape,248,21,0.0762422520034167,-0.009753647528447512,0.5945038808474932
COVID_2019_2020,market,248,21,0.0858637360913977,-0.0001321634404665012,0.7562408223201174
COVID_2019_2020,market_delay,248,21,0.09212096385924397,0.006125064327379762,0.7493182294944409
COVID_2019_2020,market_kernel,248,21,0.08859534277090947,0.0025994432390452626,0.7495280050346129
COVID_2019_2020,market_landscape,248,21,0.08269688533357443,-0.0032990141982897764,0.7556114956996014
COVID_2019_2020,raw_tda,248,21,0.0728457682502469,-0.013150131281617308,0.6559681141178938
repricing_2021_2022,base_rate,248,27,0.10399941140530224,0.0,0.11018937489525726
repricing_2021_2022,delay,248,27,0.11450169283413857,0.01050228142883633,0.4893581364169599
repricing_2021_2022,diagram_kernel,248,27,0.10354240414610534,-0.00045700725919689544,0.5284062342885871
repricing_2021_2022,inner_selector,248,27,0.1137401435637598,0.009740732158457568,0.5295793531087648
repricing_2021_2022,landscape,248,27,0.10471336330190929,0.0007139518966070568,0.4095860566448801
repricing_2021_2022,market,248,27,0.11593669832665261,0.011937286921350376,0.5166750460868108
repricing_2021_2022,market_delay,248,27,0.12465301719073454,0.020653605785432308,0.5082956259426848
repricing_2021_2022,market_kernel,248,27,0.10608943761979286,0.0020900262144906284,0.6504105915870622
repricing_2021_2022,market_landscape,248,27,0.1105395519584271,0.006540140553124865,0.5034355622590916
repricing_2021_2022,raw_tda,248,27,0.10633547887719237,0.0023360674718901353,0.48935813641695997
